experiment,job,metric,metric_display,mean,std,num_seeds,complete
baseline/balanced,jobs/baseline/balanced.sh,aircraft_test_accuracy,Aircraft Lin.,0.1514151394,0.0069093741,3,True
baseline/balanced,jobs/baseline/balanced.sh,aircraftknn_knn_test_accuracy,Aircraft kNN,0.0898089781,0.0043924772,3,True
baseline/balanced,jobs/baseline/balanced.sh,cars_test_accuracy,Cars Lin.,0.0797545984,0.0053483401,3,True
baseline/balanced,jobs/baseline/balanced.sh,carsknn_knn_test_accuracy,Cars kNN,0.0435850210,0.0042530424,3,True
baseline/balanced,jobs/baseline/balanced.sh,cifar100knn_knn_test_accuracy,CIFAR-100-LT kNN,0.3276333511,0.0075367913,3,True
baseline/balanced,jobs/baseline/balanced.sh,cifar100r_test_accuracy,CIFAR-100-LT Lin.,0.3698000014,0.0075822198,3,True
baseline/balanced,jobs/baseline/balanced.sh,cifar10knn_knn_test_accuracy,CIFAR-10-LT kNN,0.6360666752,0.0068017035,3,True
baseline/balanced,jobs/baseline/balanced.sh,cifar10r_test_accuracy,CIFAR-10-LT Lin.,0.6526333094,0.0124668675,3,True
baseline/balanced,jobs/baseline/balanced.sh,flowers_test_accuracy,Flowers Lin.,0.2244008780,0.0164484400,3,True
baseline/balanced,jobs/baseline/balanced.sh,flowersknn_knn_test_accuracy,Flowers kNN,0.2228004485,0.0013311716,3,True
baseline/balanced,jobs/baseline/balanced.sh,imagenet100lt_test_accuracy,ImageNet-100-LT Lin.,0.3897937238,0.0103894584,3,True
baseline/balanced,jobs/baseline/balanced.sh,imagenet100ltknn_knn_test_accuracy,ImageNet-100-LT kNN,0.3398480117,0.0108294869,3,True
baseline/balanced,jobs/baseline/balanced.sh,pets_test_accuracy,Pets Lin.,0.3115942180,0.0203955285,3,True
baseline/balanced,jobs/baseline/balanced.sh,petsknn_knn_test_accuracy,Pets kNN,0.1720723361,0.0011015118,3,True
baseline/balanced,jobs/baseline/balanced.sh,training_time,Training time (h),14.2898864746,0.2395884842,3,True
baseline/imbalanced,jobs/baseline/imbalanced.sh,aircraft_test_accuracy,Aircraft Lin.,0.1528152823,0.0085618114,3,True
baseline/imbalanced,jobs/baseline/imbalanced.sh,aircraftknn_knn_test_accuracy,Aircraft kNN,0.0902090147,0.0025517275,3,True
baseline/imbalanced,jobs/baseline/imbalanced.sh,cars_test_accuracy,Cars Lin.,0.0760736242,0.0106966849,3,True
baseline/imbalanced,jobs/baseline/imbalanced.sh,carsknn_knn_test_accuracy,Cars kNN,0.0446081460,0.0063003097,3,True
baseline/imbalanced,jobs/baseline/imbalanced.sh,cifar100knn_knn_test_accuracy,CIFAR-100-LT kNN,0.3323999941,0.0034117568,3,True
baseline/imbalanced,jobs/baseline/imbalanced.sh,cifar100r_test_accuracy,CIFAR-100-LT Lin.,0.3859333098,0.0139399869,3,True
baseline/imbalanced,jobs/baseline/imbalanced.sh,cifar10knn_knn_test_accuracy,CIFAR-10-LT kNN,0.6386666894,0.0023352343,3,True
baseline/imbalanced,jobs/baseline/imbalanced.sh,cifar10r_test_accuracy,CIFAR-10-LT Lin.,0.6536666751,0.0416106246,3,True
baseline/imbalanced,jobs/baseline/imbalanced.sh,flowers_test_accuracy,Flowers Lin.,0.2374727726,0.0099838246,3,True
baseline/imbalanced,jobs/baseline/imbalanced.sh,flowersknn_knn_test_accuracy,Flowers kNN,0.2250772566,0.0025558989,3,True
baseline/imbalanced,jobs/baseline/imbalanced.sh,imagenet100lt_test_accuracy,ImageNet-100-LT Lin.,0.3960912228,0.0028396687,3,True
baseline/imbalanced,jobs/baseline/imbalanced.sh,imagenet100ltknn_knn_test_accuracy,ImageNet-100-LT kNN,0.3426710069,0.0034472228,3,True
baseline/imbalanced,jobs/baseline/imbalanced.sh,pets_test_accuracy,Pets Lin.,0.2835144997,0.0134045649,3,True
baseline/imbalanced,jobs/baseline/imbalanced.sh,petsknn_knn_test_accuracy,Pets kNN,0.1684382707,0.0017020961,3,True
baseline/imbalanced,jobs/baseline/imbalanced.sh,training_time,Training time (h),14.7802991867,0.4173993170,3,True
baseline/newmethod_imbalanced,jobs/baseline/newmethod_imbalanced.sh,aircraft_test_accuracy,Aircraft Lin.,0.2239552091,0.0042015432,3,True
baseline/newmethod_imbalanced,jobs/baseline/newmethod_imbalanced.sh,aircraftknn_knn_test_accuracy,Aircraft kNN,0.1168766270,0.0022086311,3,True
baseline/newmethod_imbalanced,jobs/baseline/newmethod_imbalanced.sh,cars_test_accuracy,Cars Lin.,0.1519607852,0.0115395820,3,True
baseline/newmethod_imbalanced,jobs/baseline/newmethod_imbalanced.sh,carsknn_knn_test_accuracy,Cars kNN,0.0674846619,0.0026506101,3,True
baseline/newmethod_imbalanced,jobs/baseline/newmethod_imbalanced.sh,cifar100knn_knn_test_accuracy,CIFAR-100-LT kNN,0.3782666723,0.0026081121,3,True
baseline/newmethod_imbalanced,jobs/baseline/newmethod_imbalanced.sh,cifar100r_test_accuracy,CIFAR-100-LT Lin.,0.4914333324,0.0017931923,3,True
baseline/newmethod_imbalanced,jobs/baseline/newmethod_imbalanced.sh,cifar10knn_knn_test_accuracy,CIFAR-10-LT kNN,0.6898666819,0.0053168487,3,True
baseline/newmethod_imbalanced,jobs/baseline/newmethod_imbalanced.sh,cifar10r_test_accuracy,CIFAR-10-LT Lin.,0.7597333392,0.0029465443,3,True
baseline/newmethod_imbalanced,jobs/baseline/newmethod_imbalanced.sh,flowers_test_accuracy,Flowers Lin.,0.3679653704,0.0186197468,3,True
baseline/newmethod_imbalanced,jobs/baseline/newmethod_imbalanced.sh,flowersknn_knn_test_accuracy,Flowers kNN,0.3646612565,0.0035854352,3,True
baseline/newmethod_imbalanced,jobs/baseline/newmethod_imbalanced.sh,imagenet100lt_test_accuracy,ImageNet-100-LT Lin.,0.5379774173,0.0011065645,3,True
baseline/newmethod_imbalanced,jobs/baseline/newmethod_imbalanced.sh,imagenet100ltknn_knn_test_accuracy,ImageNet-100-LT kNN,0.4806857606,0.0058553494,3,True
baseline/newmethod_imbalanced,jobs/baseline/newmethod_imbalanced.sh,pets_test_accuracy,Pets Lin.,0.4293478231,0.0096712614,3,True
baseline/newmethod_imbalanced,jobs/baseline/newmethod_imbalanced.sh,petsknn_knn_test_accuracy,Pets kNN,0.2530426929,0.0097392181,3,True
baseline/newmethod_imbalanced,jobs/baseline/newmethod_imbalanced.sh,training_time,Training time (h),20.9823436737,0.3865749386,3,True
ablations/architecture/resnet18,jobs/ablations/architecture/resnet18.sh,aircraft_test_accuracy,Aircraft Lin.,0.1971605668,0.0061485629,3,True
ablations/architecture/resnet18,jobs/ablations/architecture/resnet18.sh,aircraftknn_knn_test_accuracy,Aircraft kNN,0.1112777442,0.0044149960,3,True
ablations/architecture/resnet18,jobs/ablations/architecture/resnet18.sh,cars_test_accuracy,Cars Lin.,0.1348039210,0.0026473647,3,True
ablations/architecture/resnet18,jobs/ablations/architecture/resnet18.sh,carsknn_knn_test_accuracy,Cars kNN,0.0591002045,0.0020244372,3,True
ablations/architecture/resnet18,jobs/ablations/architecture/resnet18.sh,cifar100knn_knn_test_accuracy,CIFAR-100-LT kNN,0.3569999933,0.0033595597,3,True
ablations/architecture/resnet18,jobs/ablations/architecture/resnet18.sh,cifar100r_test_accuracy,CIFAR-100-LT Lin.,0.4171333313,0.0016739808,3,True
ablations/architecture/resnet18,jobs/ablations/architecture/resnet18.sh,cifar10knn_knn_test_accuracy,CIFAR-10-LT kNN,0.6625666618,0.0018553375,3,True
ablations/architecture/resnet18,jobs/ablations/architecture/resnet18.sh,cifar10r_test_accuracy,CIFAR-10-LT Lin.,0.6883666714,0.0009809212,3,True
ablations/architecture/resnet18,jobs/ablations/architecture/resnet18.sh,flowers_test_accuracy,Flowers Lin.,0.3874458969,0.0340866125,3,True
ablations/architecture/resnet18,jobs/ablations/architecture/resnet18.sh,flowersknn_knn_test_accuracy,Flowers kNN,0.3353929619,0.0010139983,3,True
ablations/architecture/resnet18,jobs/ablations/architecture/resnet18.sh,imagenet100lt_test_accuracy,ImageNet-100-LT Lin.,0.5019531349,0.0024359881,3,True
ablations/architecture/resnet18,jobs/ablations/architecture/resnet18.sh,imagenet100ltknn_knn_test_accuracy,ImageNet-100-LT kNN,0.4450954894,0.0066464338,3,True
ablations/architecture/resnet18,jobs/ablations/architecture/resnet18.sh,pets_test_accuracy,Pets Lin.,0.3840579788,0.0257157066,3,True
ablations/architecture/resnet18,jobs/ablations/architecture/resnet18.sh,petsknn_knn_test_accuracy,Pets kNN,0.2328791966,0.0053779726,3,True
ablations/architecture/resnet18,jobs/ablations/architecture/resnet18.sh,training_time,Training time (h),17.9856084188,0.0924416579,3,True
ablations/architecture/resnet50,jobs/ablations/architecture/resnet50.sh,aircraft_test_accuracy,Aircraft Lin.,0.2239552091,0.0042015432,3,True
ablations/architecture/resnet50,jobs/ablations/architecture/resnet50.sh,aircraftknn_knn_test_accuracy,Aircraft kNN,0.1168766270,0.0022086311,3,True
ablations/architecture/resnet50,jobs/ablations/architecture/resnet50.sh,cars_test_accuracy,Cars Lin.,0.1519607852,0.0115395820,3,True
ablations/architecture/resnet50,jobs/ablations/architecture/resnet50.sh,carsknn_knn_test_accuracy,Cars kNN,0.0674846619,0.0026506101,3,True
ablations/architecture/resnet50,jobs/ablations/architecture/resnet50.sh,cifar100knn_knn_test_accuracy,CIFAR-100-LT kNN,0.3782666723,0.0026081121,3,True
ablations/architecture/resnet50,jobs/ablations/architecture/resnet50.sh,cifar100r_test_accuracy,CIFAR-100-LT Lin.,0.4914333324,0.0017931923,3,True
ablations/architecture/resnet50,jobs/ablations/architecture/resnet50.sh,cifar10knn_knn_test_accuracy,CIFAR-10-LT kNN,0.6898666819,0.0053168487,3,True
ablations/architecture/resnet50,jobs/ablations/architecture/resnet50.sh,cifar10r_test_accuracy,CIFAR-10-LT Lin.,0.7597333392,0.0029465443,3,True
ablations/architecture/resnet50,jobs/ablations/architecture/resnet50.sh,flowers_test_accuracy,Flowers Lin.,0.3679653704,0.0186197468,3,True
ablations/architecture/resnet50,jobs/ablations/architecture/resnet50.sh,flowersknn_knn_test_accuracy,Flowers kNN,0.3646612565,0.0035854352,3,True
ablations/architecture/resnet50,jobs/ablations/architecture/resnet50.sh,imagenet100lt_test_accuracy,ImageNet-100-LT Lin.,0.5379774173,0.0011065645,3,True
ablations/architecture/resnet50,jobs/ablations/architecture/resnet50.sh,imagenet100ltknn_knn_test_accuracy,ImageNet-100-LT kNN,0.4806857606,0.0058553494,3,True
ablations/architecture/resnet50,jobs/ablations/architecture/resnet50.sh,pets_test_accuracy,Pets Lin.,0.4293478231,0.0096712614,3,True
ablations/architecture/resnet50,jobs/ablations/architecture/resnet50.sh,petsknn_knn_test_accuracy,Pets kNN,0.2530426929,0.0097392181,3,True
ablations/architecture/resnet50,jobs/ablations/architecture/resnet50.sh,training_time,Training time (h),20.9823436737,0.3865749386,3,True
ablations/architecture/vit_b,jobs/ablations/architecture/vit_b.sh,aircraft_test_accuracy,Aircraft Lin.,0.1428142786,0.0080001727,3,True
ablations/architecture/vit_b,jobs/ablations/architecture/vit_b.sh,aircraftknn_knn_test_accuracy,Aircraft kNN,0.0832083225,0.0024982472,3,True
ablations/architecture/vit_b,jobs/ablations/architecture/vit_b.sh,cars_test_accuracy,Cars Lin.,0.0826175883,0.0049588340,3,True
ablations/architecture/vit_b,jobs/ablations/architecture/vit_b.sh,carsknn_knn_test_accuracy,Cars kNN,0.0601596087,0.0016241567,3,True
ablations/architecture/vit_b,jobs/ablations/architecture/vit_b.sh,cifar100knn_knn_test_accuracy,CIFAR-100-LT kNN,0.4011000097,0.0075901151,3,True
ablations/architecture/vit_b,jobs/ablations/architecture/vit_b.sh,cifar100r_test_accuracy,CIFAR-100-LT Lin.,0.4059666395,0.0226018447,3,True
ablations/architecture/vit_b,jobs/ablations/architecture/vit_b.sh,cifar10knn_knn_test_accuracy,CIFAR-10-LT kNN,0.6926999688,0.0083162375,3,True
ablations/architecture/vit_b,jobs/ablations/architecture/vit_b.sh,cifar10r_test_accuracy,CIFAR-10-LT Lin.,0.6602333188,0.0226751640,3,True
ablations/architecture/vit_b,jobs/ablations/architecture/vit_b.sh,flowers_test_accuracy,Flowers Lin.,0.3877995908,0.0264147166,3,True
ablations/architecture/vit_b,jobs/ablations/architecture/vit_b.sh,flowersknn_knn_test_accuracy,Flowers kNN,0.3977340460,0.0079427334,3,True
ablations/architecture/vit_b,jobs/ablations/architecture/vit_b.sh,imagenet100lt_test_accuracy,ImageNet-100-LT Lin.,0.4453854561,0.0169923156,3,True
ablations/architecture/vit_b,jobs/ablations/architecture/vit_b.sh,imagenet100ltknn_knn_test_accuracy,ImageNet-100-LT kNN,0.4512486458,0.0071463599,3,True
ablations/architecture/vit_b,jobs/ablations/architecture/vit_b.sh,pets_test_accuracy,Pets Lin.,0.3134057820,0.0211072136,3,True
ablations/architecture/vit_b,jobs/ablations/architecture/vit_b.sh,petsknn_knn_test_accuracy,Pets kNN,0.2193149924,0.0143429972,3,True
ablations/architecture/vit_b,jobs/ablations/architecture/vit_b.sh,training_time,Training time (h),34.4627380371,5.4454383850,3,True
ablations/architecture/vit_s,jobs/ablations/architecture/vit_s.sh,aircraft_test_accuracy,Aircraft Lin.,0.1216121614,0.0024982472,3,True
ablations/architecture/vit_s,jobs/ablations/architecture/vit_s.sh,aircraftknn_knn_test_accuracy,Aircraft kNN,0.0758075789,0.0007550599,3,True
ablations/architecture/vit_s,jobs/ablations/architecture/vit_s.sh,cars_test_accuracy,Cars Lin.,0.0875255689,0.0049588354,3,True
ablations/architecture/vit_s,jobs/ablations/architecture/vit_s.sh,carsknn_knn_test_accuracy,Cars kNN,0.0527931266,0.0016241567,3,True
ablations/architecture/vit_s,jobs/ablations/architecture/vit_s.sh,cifar100knn_knn_test_accuracy,CIFAR-100-LT kNN,0.3752666712,0.0029365569,3,True
ablations/architecture/vit_s,jobs/ablations/architecture/vit_s.sh,cifar100r_test_accuracy,CIFAR-100-LT Lin.,0.3755666316,0.0064694216,3,True
ablations/architecture/vit_s,jobs/ablations/architecture/vit_s.sh,cifar10knn_knn_test_accuracy,CIFAR-10-LT kNN,0.6733333468,0.0036909608,3,True
ablations/architecture/vit_s,jobs/ablations/architecture/vit_s.sh,cifar10r_test_accuracy,CIFAR-10-LT Lin.,0.6266000271,0.0043312819,3,True
ablations/architecture/vit_s,jobs/ablations/architecture/vit_s.sh,flowers_test_accuracy,Flowers Lin.,0.3507625163,0.0415088423,3,True
ablations/architecture/vit_s,jobs/ablations/architecture/vit_s.sh,flowersknn_knn_test_accuracy,Flowers kNN,0.3619016707,0.0067785513,3,True
ablations/architecture/vit_s,jobs/ablations/architecture/vit_s.sh,imagenet100lt_test_accuracy,ImageNet-100-LT Lin.,0.4251900017,0.0122283669,3,True
ablations/architecture/vit_s,jobs/ablations/architecture/vit_s.sh,imagenet100ltknn_knn_test_accuracy,ImageNet-100-LT kNN,0.4206297398,0.0098008979,3,True
ablations/architecture/vit_s,jobs/ablations/architecture/vit_s.sh,pets_test_accuracy,Pets Lin.,0.3016304374,0.0163043439,3,True
ablations/architecture/vit_s,jobs/ablations/architecture/vit_s.sh,petsknn_knn_test_accuracy,Pets kNN,0.2009630203,0.0095601315,3,True
ablations/architecture/vit_s,jobs/ablations/architecture/vit_s.sh,training_time,Training time (h),31.3665237427,6.0006260872,3,True
ablations/cycles/cycles_10,jobs/ablations/cycles/cycles_10.sh,aircraft_test_accuracy,Aircraft Lin.,0.1718171835,0.0160069093,3,True
ablations/cycles/cycles_10,jobs/ablations/cycles/cycles_10.sh,aircraftknn_knn_test_accuracy,Aircraft kNN,0.1041104123,0.0060006008,3,True
ablations/cycles/cycles_10,jobs/ablations/cycles/cycles_10.sh,cars_test_accuracy,Cars Lin.,0.0920245349,0.0092636012,3,True
ablations/cycles/cycles_10,jobs/ablations/cycles/cycles_10.sh,carsknn_knn_test_accuracy,Cars kNN,0.0480867624,0.0030281669,3,True
ablations/cycles/cycles_10,jobs/ablations/cycles/cycles_10.sh,cifar100knn_knn_test_accuracy,CIFAR-100-LT kNN,0.3542666435,0.0031532918,3,True
ablations/cycles/cycles_10,jobs/ablations/cycles/cycles_10.sh,cifar100r_test_accuracy,CIFAR-100-LT Lin.,0.4378333092,0.0058243736,3,True
ablations/cycles/cycles_10,jobs/ablations/cycles/cycles_10.sh,cifar10knn_knn_test_accuracy,CIFAR-10-LT kNN,0.6642666459,0.0045346771,3,True
ablations/cycles/cycles_10,jobs/ablations/cycles/cycles_10.sh,cifar10r_test_accuracy,CIFAR-10-LT Lin.,0.7049999833,0.0117051313,3,True
ablations/cycles/cycles_10,jobs/ablations/cycles/cycles_10.sh,flowers_test_accuracy,Flowers Lin.,0.2483660430,0.0518774837,3,True
ablations/cycles/cycles_10,jobs/ablations/cycles/cycles_10.sh,flowersknn_knn_test_accuracy,Flowers kNN,0.2518024743,0.0083248056,3,True
ablations/cycles/cycles_10,jobs/ablations/cycles/cycles_10.sh,imagenet100lt_test_accuracy,ImageNet-100-LT Lin.,0.4193268120,0.0064272070,3,True
ablations/cycles/cycles_10,jobs/ablations/cycles/cycles_10.sh,imagenet100ltknn_knn_test_accuracy,ImageNet-100-LT kNN,0.3600434363,0.0071463566,3,True
ablations/cycles/cycles_10,jobs/ablations/cycles/cycles_10.sh,pets_test_accuracy,Pets Lin.,0.3134057820,0.0166035481,3,True
ablations/cycles/cycles_10,jobs/ablations/cycles/cycles_10.sh,petsknn_knn_test_accuracy,Pets kNN,0.1857000142,0.0086461585,3,True
ablations/cycles/cycles_10,jobs/ablations/cycles/cycles_10.sh,training_time,Training time (h),31.3143157959,3.8333053589,3,True
ablations/cycles/cycles_2,jobs/ablations/cycles/cycles_2.sh,aircraft_test_accuracy,Aircraft Lin.,0.1635672847,0.0041872431,3,True
ablations/cycles/cycles_2,jobs/ablations/cycles/cycles_2.sh,aircraftknn_knn_test_accuracy,Aircraft kNN,0.1000799835,0.0017374677,3,True
ablations/cycles/cycles_2,jobs/ablations/cycles/cycles_2.sh,cars_test_accuracy,Cars Lin.,0.1058006510,0.0117260615,3,True
ablations/cycles/cycles_2,jobs/ablations/cycles/cycles_2.sh,carsknn_knn_test_accuracy,Cars kNN,0.0503067486,0.0066265242,3,True
ablations/cycles/cycles_2,jobs/ablations/cycles/cycles_2.sh,cifar100knn_knn_test_accuracy,CIFAR-100-LT kNN,0.3420333366,0.0048561499,3,True
ablations/cycles/cycles_2,jobs/ablations/cycles/cycles_2.sh,cifar100r_test_accuracy,CIFAR-100-LT Lin.,0.4157333374,0.0133906224,3,True
ablations/cycles/cycles_2,jobs/ablations/cycles/cycles_2.sh,cifar10knn_knn_test_accuracy,CIFAR-10-LT kNN,0.6527333260,0.0042742224,3,True
ablations/cycles/cycles_2,jobs/ablations/cycles/cycles_2.sh,cifar10r_test_accuracy,CIFAR-10-LT Lin.,0.6889666716,0.0061645952,3,True
ablations/cycles/cycles_2,jobs/ablations/cycles/cycles_2.sh,flowers_test_accuracy,Flowers Lin.,0.3073593179,0.0450923544,3,True
ablations/cycles/cycles_2,jobs/ablations/cycles/cycles_2.sh,flowersknn_knn_test_accuracy,Flowers kNN,0.2612466216,0.0083591988,3,True
ablations/cycles/cycles_2,jobs/ablations/cycles/cycles_2.sh,imagenet100lt_test_accuracy,ImageNet-100-LT Lin.,0.4331597189,0.0058794431,3,True
ablations/cycles/cycles_2,jobs/ablations/cycles/cycles_2.sh,imagenet100ltknn_knn_test_accuracy,ImageNet-100-LT kNN,0.3585069378,0.0033759485,3,True
ablations/cycles/cycles_2,jobs/ablations/cycles/cycles_2.sh,pets_test_accuracy,Pets Lin.,0.3324275414,0.0089669247,3,True
ablations/cycles/cycles_2,jobs/ablations/cycles/cycles_2.sh,petsknn_knn_test_accuracy,Pets kNN,0.1869209856,0.0056764755,3,True
ablations/cycles/cycles_2,jobs/ablations/cycles/cycles_2.sh,training_time,Training time (h),10.8659871419,0.5552255340,3,True
ablations/cycles/cycles_20,jobs/ablations/cycles/cycles_20.sh,aircraft_test_accuracy,Aircraft Lin.,0.1725172549,0.0122865820,3,True
ablations/cycles/cycles_20,jobs/ablations/cycles/cycles_20.sh,aircraftknn_knn_test_accuracy,Aircraft kNN,0.0949094892,0.0039157458,3,True
ablations/cycles/cycles_20,jobs/ablations/cycles/cycles_20.sh,cars_test_accuracy,Cars Lin.,0.0977505147,0.0025541906,3,True
ablations/cycles/cycles_20,jobs/ablations/cycles/cycles_20.sh,carsknn_knn_test_accuracy,Cars kNN,0.0482913852,0.0034906331,3,True
ablations/cycles/cycles_20,jobs/ablations/cycles/cycles_20.sh,cifar100knn_knn_test_accuracy,CIFAR-100-LT kNN,0.3563333452,0.0083548380,3,True
ablations/cycles/cycles_20,jobs/ablations/cycles/cycles_20.sh,cifar100r_test_accuracy,CIFAR-100-LT Lin.,0.4462666810,0.0087088104,3,True
ablations/cycles/cycles_20,jobs/ablations/cycles/cycles_20.sh,cifar10knn_knn_test_accuracy,CIFAR-10-LT kNN,0.6653999686,0.0068286210,3,True
ablations/cycles/cycles_20,jobs/ablations/cycles/cycles_20.sh,cifar10r_test_accuracy,CIFAR-10-LT Lin.,0.7159333229,0.0105377138,3,True
ablations/cycles/cycles_20,jobs/ablations/cycles/cycles_20.sh,flowers_test_accuracy,Flowers Lin.,0.2701525390,0.0210101306,3,True
ablations/cycles/cycles_20,jobs/ablations/cycles/cycles_20.sh,flowersknn_knn_test_accuracy,Flowers kNN,0.2493630201,0.0050134021,3,True
ablations/cycles/cycles_20,jobs/ablations/cycles/cycles_20.sh,imagenet100lt_test_accuracy,ImageNet-100-LT Lin.,0.4206297398,0.0145137114,3,True
ablations/cycles/cycles_20,jobs/ablations/cycles/cycles_20.sh,imagenet100ltknn_knn_test_accuracy,ImageNet-100-LT kNN,0.3626492918,0.0121936006,3,True
ablations/cycles/cycles_20,jobs/ablations/cycles/cycles_20.sh,pets_test_accuracy,Pets Lin.,0.3333333433,0.0439288318,3,True
ablations/cycles/cycles_20,jobs/ablations/cycles/cycles_20.sh,petsknn_knn_test_accuracy,Pets kNN,0.1855183095,0.0117208716,3,True
ablations/cycles/cycles_20,jobs/ablations/cycles/cycles_20.sh,training_time,Training time (h),32.0581512451,2.5866947174,3,True
ablations/generation/flux,jobs/ablations/generation/flux.sh,aircraft_test_accuracy,Aircraft Lin.,0.1747174710,0.0094988486,3,True
ablations/generation/flux,jobs/ablations/generation/flux.sh,aircraftknn_knn_test_accuracy,Aircraft kNN,0.0941094086,0.0094703725,3,True
ablations/generation/flux,jobs/ablations/generation/flux.sh,cars_test_accuracy,Cars Lin.,0.1026584879,0.0128883040,3,True
ablations/generation/flux,jobs/ablations/generation/flux.sh,carsknn_knn_test_accuracy,Cars kNN,0.0566809885,0.0071149315,3,True
ablations/generation/flux,jobs/ablations/generation/flux.sh,cifar100knn_knn_test_accuracy,CIFAR-100-LT kNN,0.3537333310,0.0077034589,3,True
ablations/generation/flux,jobs/ablations/generation/flux.sh,cifar100r_test_accuracy,CIFAR-100-LT Lin.,0.4210000038,0.0141396523,3,True
ablations/generation/flux,jobs/ablations/generation/flux.sh,cifar10knn_knn_test_accuracy,CIFAR-10-LT kNN,0.6579332948,0.0096438238,3,True
ablations/generation/flux,jobs/ablations/generation/flux.sh,cifar10r_test_accuracy,CIFAR-10-LT Lin.,0.7065666318,0.0044881520,3,True
ablations/generation/flux,jobs/ablations/generation/flux.sh,flowers_test_accuracy,Flowers Lin.,0.2941176593,0.0457516387,3,True
ablations/generation/flux,jobs/ablations/generation/flux.sh,flowersknn_knn_test_accuracy,Flowers kNN,0.2765761614,0.0101108858,3,True
ablations/generation/flux,jobs/ablations/generation/flux.sh,imagenet100lt_test_accuracy,ImageNet-100-LT Lin.,0.4366992414,0.0140077733,3,True
ablations/generation/flux,jobs/ablations/generation/flux.sh,imagenet100ltknn_knn_test_accuracy,ImageNet-100-LT kNN,0.3865363896,0.0116961813,3,True
ablations/generation/flux,jobs/ablations/generation/flux.sh,pets_test_accuracy,Pets Lin.,0.3152174056,0.0287581757,3,True
ablations/generation/flux,jobs/ablations/generation/flux.sh,petsknn_knn_test_accuracy,Pets kNN,0.1881529838,0.0132891573,3,True
ablations/generation/flux,jobs/ablations/generation/flux.sh,training_time,Training time (h),31.4463729858,4.8622674942,3,True
ablations/generation/repopulation,jobs/ablations/generation/repopulation.sh,aircraft_test_accuracy,Aircraft Lin.,0.2054589093,0.0049709258,3,True
ablations/generation/repopulation,jobs/ablations/generation/repopulation.sh,aircraftknn_knn_test_accuracy,Aircraft kNN,0.1136772657,0.0049163340,3,True
ablations/generation/repopulation,jobs/ablations/generation/repopulation.sh,cars_test_accuracy,Cars Lin.,0.1307189564,0.0011554067,3,True
ablations/generation/repopulation,jobs/ablations/generation/repopulation.sh,carsknn_knn_test_accuracy,Cars kNN,0.0660531695,0.0047609186,3,True
ablations/generation/repopulation,jobs/ablations/generation/repopulation.sh,cifar100knn_knn_test_accuracy,CIFAR-100-LT kNN,0.3766333262,0.0027644551,3,True
ablations/generation/repopulation,jobs/ablations/generation/repopulation.sh,cifar100r_test_accuracy,CIFAR-100-LT Lin.,0.4783000052,0.0067176362,3,True
ablations/generation/repopulation,jobs/ablations/generation/repopulation.sh,cifar10knn_knn_test_accuracy,CIFAR-10-LT kNN,0.6877999902,0.0017795125,3,True
ablations/generation/repopulation,jobs/ablations/generation/repopulation.sh,cifar10r_test_accuracy,CIFAR-10-LT Lin.,0.7479333282,0.0044902364,3,True
ablations/generation/repopulation,jobs/ablations/generation/repopulation.sh,flowers_test_accuracy,Flowers Lin.,0.4025973976,0.0611447904,3,True
ablations/generation/repopulation,jobs/ablations/generation/repopulation.sh,flowersknn_knn_test_accuracy,Flowers kNN,0.3269376655,0.0008535641,3,True
ablations/generation/repopulation,jobs/ablations/generation/repopulation.sh,imagenet100lt_test_accuracy,ImageNet-100-LT Lin.,0.5028211772,0.0036183442,3,True
ablations/generation/repopulation,jobs/ablations/generation/repopulation.sh,imagenet100ltknn_knn_test_accuracy,ImageNet-100-LT kNN,0.4442274272,0.0039182786,3,True
ablations/generation/repopulation,jobs/ablations/generation/repopulation.sh,pets_test_accuracy,Pets Lin.,0.3813405732,0.0147731068,3,True
ablations/generation/repopulation,jobs/ablations/generation/repopulation.sh,petsknn_knn_test_accuracy,Pets kNN,0.2363306036,0.0059959262,3,True
ablations/generation/repopulation,jobs/ablations/generation/repopulation.sh,training_time,Training time (h),17.0339527130,0.0657666489,3,True
ablations/generation/stable_diffusion_3,jobs/ablations/generation/stable_diffusion_3.sh,aircraft_test_accuracy,Aircraft Lin.,0.2065586845,0.0035007295,3,True
ablations/generation/stable_diffusion_3,jobs/ablations/generation/stable_diffusion_3.sh,aircraftknn_knn_test_accuracy,Aircraft kNN,0.1150769840,0.0017374683,3,True
ablations/generation/stable_diffusion_3,jobs/ablations/generation/stable_diffusion_3.sh,cars_test_accuracy,Cars Lin.,0.1629901926,0.0079420849,3,True
ablations/generation/stable_diffusion_3,jobs/ablations/generation/stable_diffusion_3.sh,carsknn_knn_test_accuracy,Cars kNN,0.0644171772,0.0056450593,3,True
ablations/generation/stable_diffusion_3,jobs/ablations/generation/stable_diffusion_3.sh,cifar100knn_knn_test_accuracy,CIFAR-100-LT kNN,0.3720666667,0.0017152831,3,True
ablations/generation/stable_diffusion_3,jobs/ablations/generation/stable_diffusion_3.sh,cifar100r_test_accuracy,CIFAR-100-LT Lin.,0.4846333365,0.0015923514,3,True
ablations/generation/stable_diffusion_3,jobs/ablations/generation/stable_diffusion_3.sh,cifar10knn_knn_test_accuracy,CIFAR-10-LT kNN,0.6856666605,0.0014383492,3,True
ablations/generation/stable_diffusion_3,jobs/ablations/generation/stable_diffusion_3.sh,cifar10r_test_accuracy,CIFAR-10-LT Lin.,0.7503333489,0.0033826326,3,True
ablations/generation/stable_diffusion_3,jobs/ablations/generation/stable_diffusion_3.sh,flowers_test_accuracy,Flowers Lin.,0.3571428657,0.0091832082,3,True
ablations/generation/stable_diffusion_3,jobs/ablations/generation/stable_diffusion_3.sh,flowersknn_knn_test_accuracy,Flowers kNN,0.3518699110,0.0029657129,3,True
ablations/generation/stable_diffusion_3,jobs/ablations/generation/stable_diffusion_3.sh,imagenet100lt_test_accuracy,ImageNet-100-LT Lin.,0.5243055423,0.0072171350,3,True
ablations/generation/stable_diffusion_3,jobs/ablations/generation/stable_diffusion_3.sh,imagenet100ltknn_knn_test_accuracy,ImageNet-100-LT kNN,0.4678819478,0.0066888135,3,True
ablations/generation/stable_diffusion_3,jobs/ablations/generation/stable_diffusion_3.sh,pets_test_accuracy,Pets Lin.,0.4184782604,0.0079997747,3,True
ablations/generation/stable_diffusion_3,jobs/ablations/generation/stable_diffusion_3.sh,petsknn_knn_test_accuracy,Pets kNN,0.2425976396,0.0055500927,3,True
ablations/generation/stable_diffusion_3,jobs/ablations/generation/stable_diffusion_3.sh,training_time,Training time (h),17.1822757721,0.0963429205,3,True
ablations/pretraining/dino,jobs/ablations/pretraining/dino.sh,aircraft_test_accuracy,Aircraft Lin.,0.0165867306,0.0008595447,3,True
ablations/pretraining/dino,jobs/ablations/pretraining/dino.sh,aircraftknn_knn_test_accuracy,Aircraft kNN,0.0215827338,0.0019115837,3,True
ablations/pretraining/dino,jobs/ablations/pretraining/dino.sh,cars_test_accuracy,Cars Lin.,0.0183823534,0.0070042598,3,True
ablations/pretraining/dino,jobs/ablations/pretraining/dino.sh,carsknn_knn_test_accuracy,Cars kNN,0.0159313728,0.0037772146,3,True
ablations/pretraining/dino,jobs/ablations/pretraining/dino.sh,cifar100knn_knn_test_accuracy,CIFAR-100-LT kNN,0.1266666700,0.0009843197,3,True
ablations/pretraining/dino,jobs/ablations/pretraining/dino.sh,cifar100r_test_accuracy,CIFAR-100-LT Lin.,0.1828333338,0.0102905604,3,True
ablations/pretraining/dino,jobs/ablations/pretraining/dino.sh,cifar10knn_knn_test_accuracy,CIFAR-10-LT kNN,0.3580666681,0.0037061475,3,True
ablations/pretraining/dino,jobs/ablations/pretraining/dino.sh,cifar10r_test_accuracy,CIFAR-10-LT Lin.,0.4347333411,0.0162286368,3,True
ablations/pretraining/dino,jobs/ablations/pretraining/dino.sh,flowers_test_accuracy,Flowers Lin.,0.1239316265,0.0356267791,3,True
ablations/pretraining/dino,jobs/ablations/pretraining/dino.sh,flowersknn_knn_test_accuracy,Flowers kNN,0.0597637631,0.0050544289,3,True
ablations/pretraining/dino,jobs/ablations/pretraining/dino.sh,imagenet100lt_test_accuracy,ImageNet-100-LT Lin.,0.2029079894,0.0058794367,3,True
ablations/pretraining/dino,jobs/ablations/pretraining/dino.sh,imagenet100ltknn_knn_test_accuracy,ImageNet-100-LT kNN,0.1115451381,0.0044580368,3,True
ablations/pretraining/dino,jobs/ablations/pretraining/dino.sh,pets_test_accuracy,Pets Lin.,0.0905797084,0.0111674172,3,True
ablations/pretraining/dino,jobs/ablations/pretraining/dino.sh,petsknn_knn_test_accuracy,Pets kNN,0.0580065362,0.0023532102,3,True
ablations/pretraining/dino,jobs/ablations/pretraining/dino.sh,training_time,Training time (h),16.5383005142,0.4018384784,3,True
ablations/pretraining/moco,jobs/ablations/pretraining/moco.sh,aircraft_test_accuracy,Aircraft Lin.,0.0566886639,0.0048177503,3,True
ablations/pretraining/moco,jobs/ablations/pretraining/moco.sh,aircraftknn_knn_test_accuracy,Aircraft kNN,0.0538892224,0.0017201217,3,True
ablations/pretraining/moco,jobs/ablations/pretraining/moco.sh,cars_test_accuracy,Cars Lin.,0.0302287589,0.0015284554,3,True
ablations/pretraining/moco,jobs/ablations/pretraining/moco.sh,carsknn_knn_test_accuracy,Cars kNN,0.0296523521,0.0023136425,3,True
ablations/pretraining/moco,jobs/ablations/pretraining/moco.sh,cifar100knn_knn_test_accuracy,CIFAR-100-LT kNN,0.2671333353,0.0049466087,3,True
ablations/pretraining/moco,jobs/ablations/pretraining/moco.sh,cifar100r_test_accuracy,CIFAR-100-LT Lin.,0.2058666696,0.0265055120,3,True
ablations/pretraining/moco,jobs/ablations/pretraining/moco.sh,cifar10knn_knn_test_accuracy,CIFAR-10-LT kNN,0.5795666575,0.0038869961,3,True
ablations/pretraining/moco,jobs/ablations/pretraining/moco.sh,cifar10r_test_accuracy,CIFAR-10-LT Lin.,0.5052333375,0.0104999522,3,True
ablations/pretraining/moco,jobs/ablations/pretraining/moco.sh,flowers_test_accuracy,Flowers Lin.,0.1147186135,0.0301480247,3,True
ablations/pretraining/moco,jobs/ablations/pretraining/moco.sh,flowersknn_knn_test_accuracy,Flowers kNN,0.1633062363,0.0092766865,3,True
ablations/pretraining/moco,jobs/ablations/pretraining/moco.sh,imagenet100lt_test_accuracy,ImageNet-100-LT Lin.,0.2823350728,0.0072561850,3,True
ablations/pretraining/moco,jobs/ablations/pretraining/moco.sh,imagenet100ltknn_knn_test_accuracy,ImageNet-100-LT kNN,0.2510850678,0.0046442967,3,True
ablations/pretraining/moco,jobs/ablations/pretraining/moco.sh,pets_test_accuracy,Pets Lin.,0.1530797084,0.0033891882,3,True
ablations/pretraining/moco,jobs/ablations/pretraining/moco.sh,petsknn_knn_test_accuracy,Pets kNN,0.1223433266,0.0059986780,3,True
ablations/pretraining/moco,jobs/ablations/pretraining/moco.sh,training_time,Training time (h),12.3144925435,1.2060718434,3,True
ablations/pretraining/simclr,jobs/ablations/pretraining/simclr.sh,aircraft_test_accuracy,Aircraft Lin.,0.2239552091,0.0042015432,3,True
ablations/pretraining/simclr,jobs/ablations/pretraining/simclr.sh,aircraftknn_knn_test_accuracy,Aircraft kNN,0.1168766270,0.0022086311,3,True
ablations/pretraining/simclr,jobs/ablations/pretraining/simclr.sh,cars_test_accuracy,Cars Lin.,0.1519607852,0.0115395820,3,True
ablations/pretraining/simclr,jobs/ablations/pretraining/simclr.sh,carsknn_knn_test_accuracy,Cars kNN,0.0674846619,0.0026506101,3,True
ablations/pretraining/simclr,jobs/ablations/pretraining/simclr.sh,cifar100knn_knn_test_accuracy,CIFAR-100-LT kNN,0.3782666723,0.0026081121,3,True
ablations/pretraining/simclr,jobs/ablations/pretraining/simclr.sh,cifar100r_test_accuracy,CIFAR-100-LT Lin.,0.4914333324,0.0017931923,3,True
ablations/pretraining/simclr,jobs/ablations/pretraining/simclr.sh,cifar10knn_knn_test_accuracy,CIFAR-10-LT kNN,0.6898666819,0.0053168487,3,True
ablations/pretraining/simclr,jobs/ablations/pretraining/simclr.sh,cifar10r_test_accuracy,CIFAR-10-LT Lin.,0.7597333392,0.0029465443,3,True
ablations/pretraining/simclr,jobs/ablations/pretraining/simclr.sh,flowers_test_accuracy,Flowers Lin.,0.3679653704,0.0186197468,3,True
ablations/pretraining/simclr,jobs/ablations/pretraining/simclr.sh,flowersknn_knn_test_accuracy,Flowers kNN,0.3646612565,0.0035854352,3,True
ablations/pretraining/simclr,jobs/ablations/pretraining/simclr.sh,imagenet100lt_test_accuracy,ImageNet-100-LT Lin.,0.5379774173,0.0011065645,3,True
ablations/pretraining/simclr,jobs/ablations/pretraining/simclr.sh,imagenet100ltknn_knn_test_accuracy,ImageNet-100-LT kNN,0.4806857606,0.0058553494,3,True
ablations/pretraining/simclr,jobs/ablations/pretraining/simclr.sh,pets_test_accuracy,Pets Lin.,0.4293478231,0.0096712614,3,True
ablations/pretraining/simclr,jobs/ablations/pretraining/simclr.sh,petsknn_knn_test_accuracy,Pets kNN,0.2530426929,0.0097392181,3,True
ablations/pretraining/simclr,jobs/ablations/pretraining/simclr.sh,training_time,Training time (h),20.9823436737,0.3865749386,3,True
ablations/sample_selection/mode_window,jobs/ablations/sample_selection/mode_window.sh,aircraft_test_accuracy,Aircraft Lin.,0.2239552091,0.0042015432,3,True
ablations/sample_selection/mode_window,jobs/ablations/sample_selection/mode_window.sh,aircraftknn_knn_test_accuracy,Aircraft kNN,0.1168766270,0.0022086311,3,True
ablations/sample_selection/mode_window,jobs/ablations/sample_selection/mode_window.sh,cars_test_accuracy,Cars Lin.,0.1519607852,0.0115395820,3,True
ablations/sample_selection/mode_window,jobs/ablations/sample_selection/mode_window.sh,carsknn_knn_test_accuracy,Cars kNN,0.0674846619,0.0026506101,3,True
ablations/sample_selection/mode_window,jobs/ablations/sample_selection/mode_window.sh,cifar100knn_knn_test_accuracy,CIFAR-100-LT kNN,0.3782666723,0.0026081121,3,True
ablations/sample_selection/mode_window,jobs/ablations/sample_selection/mode_window.sh,cifar100r_test_accuracy,CIFAR-100-LT Lin.,0.4914333324,0.0017931923,3,True
ablations/sample_selection/mode_window,jobs/ablations/sample_selection/mode_window.sh,cifar10knn_knn_test_accuracy,CIFAR-10-LT kNN,0.6898666819,0.0053168487,3,True
ablations/sample_selection/mode_window,jobs/ablations/sample_selection/mode_window.sh,cifar10r_test_accuracy,CIFAR-10-LT Lin.,0.7597333392,0.0029465443,3,True
ablations/sample_selection/mode_window,jobs/ablations/sample_selection/mode_window.sh,flowers_test_accuracy,Flowers Lin.,0.3679653704,0.0186197468,3,True
ablations/sample_selection/mode_window,jobs/ablations/sample_selection/mode_window.sh,flowersknn_knn_test_accuracy,Flowers kNN,0.3646612565,0.0035854352,3,True
ablations/sample_selection/mode_window,jobs/ablations/sample_selection/mode_window.sh,imagenet100lt_test_accuracy,ImageNet-100-LT Lin.,0.5379774173,0.0011065645,3,True
ablations/sample_selection/mode_window,jobs/ablations/sample_selection/mode_window.sh,imagenet100ltknn_knn_test_accuracy,ImageNet-100-LT kNN,0.4806857606,0.0058553494,3,True
ablations/sample_selection/mode_window,jobs/ablations/sample_selection/mode_window.sh,pets_test_accuracy,Pets Lin.,0.4293478231,0.0096712614,3,True
ablations/sample_selection/mode_window,jobs/ablations/sample_selection/mode_window.sh,petsknn_knn_test_accuracy,Pets kNN,0.2530426929,0.0097392181,3,True
ablations/sample_selection/mode_window,jobs/ablations/sample_selection/mode_window.sh,training_time,Training time (h),20.9823436737,0.3865749386,3,True
ablations/sample_selection/mode_window_q1_diverse,jobs/ablations/sample_selection/mode_window_q1_diverse.sh,aircraft_test_accuracy,Aircraft Lin.,0.2194561064,0.0039590040,3,True
ablations/sample_selection/mode_window_q1_diverse,jobs/ablations/sample_selection/mode_window_q1_diverse.sh,aircraftknn_knn_test_accuracy,Aircraft kNN,0.1140771856,0.0024161239,3,True
ablations/sample_selection/mode_window_q1_diverse,jobs/ablations/sample_selection/mode_window_q1_diverse.sh,cars_test_accuracy,Cars Lin.,0.1691176494,0.0072154938,3,True
ablations/sample_selection/mode_window_q1_diverse,jobs/ablations/sample_selection/mode_window_q1_diverse.sh,carsknn_knn_test_accuracy,Cars kNN,0.0662576680,0.0022954941,3,True
ablations/sample_selection/mode_window_q1_diverse,jobs/ablations/sample_selection/mode_window_q1_diverse.sh,cifar100knn_knn_test_accuracy,CIFAR-100-LT kNN,0.3773999910,0.0021181722,3,True
ablations/sample_selection/mode_window_q1_diverse,jobs/ablations/sample_selection/mode_window_q1_diverse.sh,cifar100r_test_accuracy,CIFAR-100-LT Lin.,0.4924999972,0.0022730382,3,True
ablations/sample_selection/mode_window_q1_diverse,jobs/ablations/sample_selection/mode_window_q1_diverse.sh,cifar10knn_knn_test_accuracy,CIFAR-10-LT kNN,0.6917666594,0.0028755756,3,True
ablations/sample_selection/mode_window_q1_diverse,jobs/ablations/sample_selection/mode_window_q1_diverse.sh,cifar10r_test_accuracy,CIFAR-10-LT Lin.,0.7555999955,0.0013490738,3,True
ablations/sample_selection/mode_window_q1_diverse,jobs/ablations/sample_selection/mode_window_q1_diverse.sh,flowers_test_accuracy,Flowers Lin.,0.3463203410,0.0292007286,3,True
ablations/sample_selection/mode_window_q1_diverse,jobs/ablations/sample_selection/mode_window_q1_diverse.sh,flowersknn_knn_test_accuracy,Flowers kNN,0.3594037890,0.0024093461,3,True
ablations/sample_selection/mode_window_q1_diverse,jobs/ablations/sample_selection/mode_window_q1_diverse.sh,imagenet100lt_test_accuracy,ImageNet-100-LT Lin.,0.5284288128,0.0008119899,3,True
ablations/sample_selection/mode_window_q1_diverse,jobs/ablations/sample_selection/mode_window_q1_diverse.sh,imagenet100ltknn_knn_test_accuracy,ImageNet-100-LT kNN,0.4828559061,0.0032479674,3,True
ablations/sample_selection/mode_window_q1_diverse,jobs/ablations/sample_selection/mode_window_q1_diverse.sh,pets_test_accuracy,Pets Lin.,0.4347826044,0.0066562205,3,True
ablations/sample_selection/mode_window_q1_diverse,jobs/ablations/sample_selection/mode_window_q1_diverse.sh,petsknn_knn_test_accuracy,Pets kNN,0.2496821036,0.0053410313,3,True
ablations/sample_selection/mode_window_q1_diverse,jobs/ablations/sample_selection/mode_window_q1_diverse.sh,training_time,Training time (h),20.8251533508,0.0130919521,3,True
ablations/sample_selection/mode_window_q50_diverse,jobs/ablations/sample_selection/mode_window_q50_diverse.sh,aircraft_test_accuracy,Aircraft Lin.,0.2244551132,0.0055324244,3,True
ablations/sample_selection/mode_window_q50_diverse,jobs/ablations/sample_selection/mode_window_q50_diverse.sh,aircraftknn_knn_test_accuracy,Aircraft kNN,0.1129774054,0.0016669980,3,True
ablations/sample_selection/mode_window_q50_diverse,jobs/ablations/sample_selection/mode_window_q50_diverse.sh,cars_test_accuracy,Cars Lin.,0.1519607852,0.0034662060,3,True
ablations/sample_selection/mode_window_q50_diverse,jobs/ablations/sample_selection/mode_window_q50_diverse.sh,carsknn_knn_test_accuracy,Cars kNN,0.0728016372,0.0022587637,3,True
ablations/sample_selection/mode_window_q50_diverse,jobs/ablations/sample_selection/mode_window_q50_diverse.sh,cifar100knn_knn_test_accuracy,CIFAR-100-LT kNN,0.3797333340,0.0019938792,3,True
ablations/sample_selection/mode_window_q50_diverse,jobs/ablations/sample_selection/mode_window_q50_diverse.sh,cifar100r_test_accuracy,CIFAR-100-LT Lin.,0.4926666617,0.0040581807,3,True
ablations/sample_selection/mode_window_q50_diverse,jobs/ablations/sample_selection/mode_window_q50_diverse.sh,cifar10knn_knn_test_accuracy,CIFAR-10-LT kNN,0.6868000031,0.0012247534,3,True
ablations/sample_selection/mode_window_q50_diverse,jobs/ablations/sample_selection/mode_window_q50_diverse.sh,cifar10r_test_accuracy,CIFAR-10-LT Lin.,0.7551666498,0.0014613468,3,True
ablations/sample_selection/mode_window_q50_diverse,jobs/ablations/sample_selection/mode_window_q50_diverse.sh,flowers_test_accuracy,Flowers Lin.,0.3549783627,0.0110368427,3,True
ablations/sample_selection/mode_window_q50_diverse,jobs/ablations/sample_selection/mode_window_q50_diverse.sh,flowersknn_knn_test_accuracy,Flowers kNN,0.3652574619,0.0010812964,3,True
ablations/sample_selection/mode_window_q50_diverse,jobs/ablations/sample_selection/mode_window_q50_diverse.sh,imagenet100lt_test_accuracy,ImageNet-100-LT Lin.,0.5342882077,0.0094544397,3,True
ablations/sample_selection/mode_window_q50_diverse,jobs/ablations/sample_selection/mode_window_q50_diverse.sh,imagenet100ltknn_knn_test_accuracy,ImageNet-100-LT kNN,0.4845920205,0.0037713029,3,True
ablations/sample_selection/mode_window_q50_diverse,jobs/ablations/sample_selection/mode_window_q50_diverse.sh,pets_test_accuracy,Pets Lin.,0.4375000000,0.0310623625,3,True
ablations/sample_selection/mode_window_q50_diverse,jobs/ablations/sample_selection/mode_window_q50_diverse.sh,petsknn_knn_test_accuracy,Pets kNN,0.2483197053,0.0078542591,3,True
ablations/sample_selection/mode_window_q50_diverse,jobs/ablations/sample_selection/mode_window_q50_diverse.sh,training_time,Training time (h),20.8963216146,0.0494483110,3,True
ablations/sample_selection/mode_window_q75_diverse,jobs/ablations/sample_selection/mode_window_q75_diverse.sh,aircraft_test_accuracy,Aircraft Lin.,0.2239552091,0.0042015432,3,True
ablations/sample_selection/mode_window_q75_diverse,jobs/ablations/sample_selection/mode_window_q75_diverse.sh,aircraftknn_knn_test_accuracy,Aircraft kNN,0.1168766270,0.0022086311,3,True
ablations/sample_selection/mode_window_q75_diverse,jobs/ablations/sample_selection/mode_window_q75_diverse.sh,cars_test_accuracy,Cars Lin.,0.1519607852,0.0115395820,3,True
ablations/sample_selection/mode_window_q75_diverse,jobs/ablations/sample_selection/mode_window_q75_diverse.sh,carsknn_knn_test_accuracy,Cars kNN,0.0674846619,0.0026506101,3,True
ablations/sample_selection/mode_window_q75_diverse,jobs/ablations/sample_selection/mode_window_q75_diverse.sh,cifar100knn_knn_test_accuracy,CIFAR-100-LT kNN,0.3782666723,0.0026081121,3,True
ablations/sample_selection/mode_window_q75_diverse,jobs/ablations/sample_selection/mode_window_q75_diverse.sh,cifar100r_test_accuracy,CIFAR-100-LT Lin.,0.4914333324,0.0017931923,3,True
ablations/sample_selection/mode_window_q75_diverse,jobs/ablations/sample_selection/mode_window_q75_diverse.sh,cifar10knn_knn_test_accuracy,CIFAR-10-LT kNN,0.6898666819,0.0053168487,3,True
ablations/sample_selection/mode_window_q75_diverse,jobs/ablations/sample_selection/mode_window_q75_diverse.sh,cifar10r_test_accuracy,CIFAR-10-LT Lin.,0.7597333392,0.0029465443,3,True
ablations/sample_selection/mode_window_q75_diverse,jobs/ablations/sample_selection/mode_window_q75_diverse.sh,flowers_test_accuracy,Flowers Lin.,0.3679653704,0.0186197468,3,True
ablations/sample_selection/mode_window_q75_diverse,jobs/ablations/sample_selection/mode_window_q75_diverse.sh,flowersknn_knn_test_accuracy,Flowers kNN,0.3646612565,0.0035854352,3,True
ablations/sample_selection/mode_window_q75_diverse,jobs/ablations/sample_selection/mode_window_q75_diverse.sh,imagenet100lt_test_accuracy,ImageNet-100-LT Lin.,0.5379774173,0.0011065645,3,True
ablations/sample_selection/mode_window_q75_diverse,jobs/ablations/sample_selection/mode_window_q75_diverse.sh,imagenet100ltknn_knn_test_accuracy,ImageNet-100-LT kNN,0.4806857606,0.0058553494,3,True
ablations/sample_selection/mode_window_q75_diverse,jobs/ablations/sample_selection/mode_window_q75_diverse.sh,pets_test_accuracy,Pets Lin.,0.4293478231,0.0096712614,3,True
ablations/sample_selection/mode_window_q75_diverse,jobs/ablations/sample_selection/mode_window_q75_diverse.sh,petsknn_knn_test_accuracy,Pets kNN,0.2530426929,0.0097392181,3,True
ablations/sample_selection/mode_window_q75_diverse,jobs/ablations/sample_selection/mode_window_q75_diverse.sh,training_time,Training time (h),20.9823436737,0.3865749386,3,True
ablations/sample_selection/ood_top,jobs/ablations/sample_selection/ood_top.sh,aircraft_test_accuracy,Aircraft Lin.,0.1592159271,0.0131272413,3,True
ablations/sample_selection/ood_top,jobs/ablations/sample_selection/ood_top.sh,aircraftknn_knn_test_accuracy,Aircraft kNN,0.0957095623,0.0023433086,3,True
ablations/sample_selection/ood_top,jobs/ablations/sample_selection/ood_top.sh,cars_test_accuracy,Cars Lin.,0.0997954980,0.0169277731,3,True
ablations/sample_selection/ood_top,jobs/ablations/sample_selection/ood_top.sh,carsknn_knn_test_accuracy,Cars kNN,0.0407202803,0.0039466545,3,True
ablations/sample_selection/ood_top,jobs/ablations/sample_selection/ood_top.sh,cifar100knn_knn_test_accuracy,CIFAR-100-LT kNN,0.3437666893,0.0017473756,3,True
ablations/sample_selection/ood_top,jobs/ablations/sample_selection/ood_top.sh,cifar100r_test_accuracy,CIFAR-100-LT Lin.,0.4308999777,0.0098974705,3,True
ablations/sample_selection/ood_top,jobs/ablations/sample_selection/ood_top.sh,cifar10knn_knn_test_accuracy,CIFAR-10-LT kNN,0.6567999721,0.0077659544,3,True
ablations/sample_selection/ood_top,jobs/ablations/sample_selection/ood_top.sh,cifar10r_test_accuracy,CIFAR-10-LT Lin.,0.7078999877,0.0047507961,3,True
ablations/sample_selection/ood_top,jobs/ablations/sample_selection/ood_top.sh,flowers_test_accuracy,Flowers Lin.,0.2766884565,0.0099838246,3,True
ablations/sample_selection/ood_top,jobs/ablations/sample_selection/ood_top.sh,flowersknn_knn_test_accuracy,Flowers kNN,0.2394969463,0.0091018463,3,True
ablations/sample_selection/ood_top,jobs/ablations/sample_selection/ood_top.sh,imagenet100lt_test_accuracy,ImageNet-100-LT Lin.,0.4219326973,0.0140077826,3,True
ablations/sample_selection/ood_top,jobs/ablations/sample_selection/ood_top.sh,imagenet100ltknn_knn_test_accuracy,ImageNet-100-LT kNN,0.3537459373,0.0117805433,3,True
ablations/sample_selection/ood_top,jobs/ablations/sample_selection/ood_top.sh,pets_test_accuracy,Pets Lin.,0.3052536249,0.0122534009,3,True
ablations/sample_selection/ood_top,jobs/ablations/sample_selection/ood_top.sh,petsknn_knn_test_accuracy,Pets kNN,0.1812483072,0.0078852419,3,True
ablations/sample_selection/ood_top,jobs/ablations/sample_selection/ood_top.sh,training_time,Training time (h),29.2336330414,4.1618051529,3,True
ablations/sample_selection/uniform,jobs/ablations/sample_selection/uniform.sh,aircraft_test_accuracy,Aircraft Lin.,0.1753175259,0.0117216613,3,True
ablations/sample_selection/uniform,jobs/ablations/sample_selection/uniform.sh,aircraftknn_knn_test_accuracy,Aircraft kNN,0.1021102071,0.0067645530,3,True
ablations/sample_selection/uniform,jobs/ablations/sample_selection/uniform.sh,cars_test_accuracy,Cars Lin.,0.0928425416,0.0087050302,3,True
ablations/sample_selection/uniform,jobs/ablations/sample_selection/uniform.sh,carsknn_knn_test_accuracy,Cars kNN,0.0489052571,0.0007088383,3,True
ablations/sample_selection/uniform,jobs/ablations/sample_selection/uniform.sh,cifar100knn_knn_test_accuracy,CIFAR-100-LT kNN,0.3569999933,0.0030512272,3,True
ablations/sample_selection/uniform,jobs/ablations/sample_selection/uniform.sh,cifar100r_test_accuracy,CIFAR-100-LT Lin.,0.4379333258,0.0073384731,3,True
ablations/sample_selection/uniform,jobs/ablations/sample_selection/uniform.sh,cifar10knn_knn_test_accuracy,CIFAR-10-LT kNN,0.6610666513,0.0095269727,3,True
ablations/sample_selection/uniform,jobs/ablations/sample_selection/uniform.sh,cifar10r_test_accuracy,CIFAR-10-LT Lin.,0.7149333954,0.0018903246,3,True
ablations/sample_selection/uniform,jobs/ablations/sample_selection/uniform.sh,flowers_test_accuracy,Flowers Lin.,0.3289760351,0.0037735309,3,True
ablations/sample_selection/uniform,jobs/ablations/sample_selection/uniform.sh,flowersknn_knn_test_accuracy,Flowers kNN,0.2531577051,0.0042324993,3,True
ablations/sample_selection/uniform,jobs/ablations/sample_selection/uniform.sh,imagenet100lt_test_accuracy,ImageNet-100-LT Lin.,0.4201954305,0.0090504512,3,True
ablations/sample_selection/uniform,jobs/ablations/sample_selection/uniform.sh,imagenet100ltknn_knn_test_accuracy,ImageNet-100-LT kNN,0.3737241924,0.0064272070,3,True
ablations/sample_selection/uniform,jobs/ablations/sample_selection/uniform.sh,pets_test_accuracy,Pets Lin.,0.3170289695,0.0393161923,3,True
ablations/sample_selection/uniform,jobs/ablations/sample_selection/uniform.sh,petsknn_knn_test_accuracy,Pets kNN,0.1899700165,0.0082083456,3,True
ablations/sample_selection/uniform,jobs/ablations/sample_selection/uniform.sh,training_time,Training time (h),30.4387416840,4.4426221848,3,True
sota/imagenet-100-lt/bridge,jobs/sota/imagenet-100-lt/bridge.sh,aircraft_test_accuracy,Aircraft Lin.,0.2239552091,0.0042015432,3,True
sota/imagenet-100-lt/bridge,jobs/sota/imagenet-100-lt/bridge.sh,aircraftknn_knn_test_accuracy,Aircraft kNN,0.1168766270,0.0022086311,3,True
sota/imagenet-100-lt/bridge,jobs/sota/imagenet-100-lt/bridge.sh,cars_test_accuracy,Cars Lin.,0.1642156889,0.0117970015,3,True
sota/imagenet-100-lt/bridge,jobs/sota/imagenet-100-lt/bridge.sh,carsknn_knn_test_accuracy,Cars kNN,0.0703476469,0.0020854878,3,True
sota/imagenet-100-lt/bridge,jobs/sota/imagenet-100-lt/bridge.sh,cifar100knn_knn_test_accuracy,CIFAR-100-LT kNN,0.3782666723,0.0026081121,3,True
sota/imagenet-100-lt/bridge,jobs/sota/imagenet-100-lt/bridge.sh,cifar100r_test_accuracy,CIFAR-100-LT Lin.,0.4929333429,0.0024087784,3,True
sota/imagenet-100-lt/bridge,jobs/sota/imagenet-100-lt/bridge.sh,cifar10knn_knn_test_accuracy,CIFAR-10-LT kNN,0.6898666819,0.0053168487,3,True
sota/imagenet-100-lt/bridge,jobs/sota/imagenet-100-lt/bridge.sh,cifar10r_test_accuracy,CIFAR-10-LT Lin.,0.7581666708,0.0024308311,3,True
sota/imagenet-100-lt/bridge,jobs/sota/imagenet-100-lt/bridge.sh,flowers_test_accuracy,Flowers Lin.,0.3679653704,0.0186197468,3,True
sota/imagenet-100-lt/bridge,jobs/sota/imagenet-100-lt/bridge.sh,flowersknn_knn_test_accuracy,Flowers kNN,0.3646612565,0.0035854352,3,True
sota/imagenet-100-lt/bridge,jobs/sota/imagenet-100-lt/bridge.sh,imagenet100lt_test_accuracy,ImageNet-100-LT Lin.,0.5379774173,0.0011065645,3,True
sota/imagenet-100-lt/bridge,jobs/sota/imagenet-100-lt/bridge.sh,imagenet100ltknn_knn_test_accuracy,ImageNet-100-LT kNN,0.4806857606,0.0058553494,3,True
sota/imagenet-100-lt/bridge,jobs/sota/imagenet-100-lt/bridge.sh,pets_test_accuracy,Pets Lin.,0.4293478231,0.0096712614,3,True
sota/imagenet-100-lt/bridge,jobs/sota/imagenet-100-lt/bridge.sh,petsknn_knn_test_accuracy,Pets kNN,0.2530426929,0.0097392181,3,True
sota/imagenet-100-lt/bridge,jobs/sota/imagenet-100-lt/bridge.sh,training_time,Training time (h),21.8072967529,1.0484039899,3,True
sota/imagenet-100-lt/bridge_sdclr,jobs/sota/imagenet-100-lt/bridge_sdclr.sh,aircraft_test_accuracy,Aircraft Lin.,0.0245950806,0.0081187208,3,True
sota/imagenet-100-lt/bridge_sdclr,jobs/sota/imagenet-100-lt/bridge_sdclr.sh,aircraftknn_knn_test_accuracy,Aircraft kNN,0.0242951407,0.0017659991,3,True
sota/imagenet-100-lt/bridge_sdclr,jobs/sota/imagenet-100-lt/bridge_sdclr.sh,cars_test_accuracy,Cars Lin.,0.0196078438,0.0026473612,3,True
sota/imagenet-100-lt/bridge_sdclr,jobs/sota/imagenet-100-lt/bridge_sdclr.sh,carsknn_knn_test_accuracy,Cars kNN,0.0112474437,0.0025212327,3,True
sota/imagenet-100-lt/bridge_sdclr,jobs/sota/imagenet-100-lt/bridge_sdclr.sh,cifar100knn_knn_test_accuracy,CIFAR-100-LT kNN,0.1298000018,0.0048627870,3,True
sota/imagenet-100-lt/bridge_sdclr,jobs/sota/imagenet-100-lt/bridge_sdclr.sh,cifar100r_test_accuracy,CIFAR-100-LT Lin.,0.1835999986,0.0065380945,3,True
sota/imagenet-100-lt/bridge_sdclr,jobs/sota/imagenet-100-lt/bridge_sdclr.sh,cifar10knn_knn_test_accuracy,CIFAR-10-LT kNN,0.3625333309,0.0075869740,3,True
sota/imagenet-100-lt/bridge_sdclr,jobs/sota/imagenet-100-lt/bridge_sdclr.sh,cifar10r_test_accuracy,CIFAR-10-LT Lin.,0.4383999904,0.0165523428,3,True
sota/imagenet-100-lt/bridge_sdclr,jobs/sota/imagenet-100-lt/bridge_sdclr.sh,flowers_test_accuracy,Flowers Lin.,0.0995671004,0.0080988258,3,True
sota/imagenet-100-lt/bridge_sdclr,jobs/sota/imagenet-100-lt/bridge_sdclr.sh,flowersknn_knn_test_accuracy,Flowers kNN,0.0973983730,0.0027721877,3,True
sota/imagenet-100-lt/bridge_sdclr,jobs/sota/imagenet-100-lt/bridge_sdclr.sh,imagenet100lt_test_accuracy,ImageNet-100-LT Lin.,0.2176649272,0.0048233744,3,True
sota/imagenet-100-lt/bridge_sdclr,jobs/sota/imagenet-100-lt/bridge_sdclr.sh,imagenet100ltknn_knn_test_accuracy,ImageNet-100-LT kNN,0.1386718775,0.0103486272,3,True
sota/imagenet-100-lt/bridge_sdclr,jobs/sota/imagenet-100-lt/bridge_sdclr.sh,pets_test_accuracy,Pets Lin.,0.1222826069,0.0305026378,3,True
sota/imagenet-100-lt/bridge_sdclr,jobs/sota/imagenet-100-lt/bridge_sdclr.sh,petsknn_knn_test_accuracy,Pets kNN,0.0544050857,0.0035689165,3,True
sota/imagenet-100-lt/bridge_sdclr,jobs/sota/imagenet-100-lt/bridge_sdclr.sh,training_time,Training time (h),20.3681856791,1.7561801750,3,True
sota/imagenet-100-lt/bridge_ts,jobs/sota/imagenet-100-lt/bridge_ts.sh,aircraft_test_accuracy,Aircraft Lin.,0.1496700644,0.0024854650,3,True
sota/imagenet-100-lt/bridge_ts,jobs/sota/imagenet-100-lt/bridge_ts.sh,aircraftknn_knn_test_accuracy,Aircraft kNN,0.0707858404,0.0027598820,3,True
sota/imagenet-100-lt/bridge_ts,jobs/sota/imagenet-100-lt/bridge_ts.sh,cars_test_accuracy,Cars Lin.,0.0939542502,0.0046216127,3,True
sota/imagenet-100-lt/bridge_ts,jobs/sota/imagenet-100-lt/bridge_ts.sh,carsknn_knn_test_accuracy,Cars kNN,0.0308793460,0.0010427439,3,True
sota/imagenet-100-lt/bridge_ts,jobs/sota/imagenet-100-lt/bridge_ts.sh,cifar100knn_knn_test_accuracy,CIFAR-100-LT kNN,0.3356666664,0.0033767205,3,True
sota/imagenet-100-lt/bridge_ts,jobs/sota/imagenet-100-lt/bridge_ts.sh,cifar100r_test_accuracy,CIFAR-100-LT Lin.,0.4559000134,0.0077901650,3,True
sota/imagenet-100-lt/bridge_ts,jobs/sota/imagenet-100-lt/bridge_ts.sh,cifar10knn_knn_test_accuracy,CIFAR-10-LT kNN,0.6543666720,0.0016213774,3,True
sota/imagenet-100-lt/bridge_ts,jobs/sota/imagenet-100-lt/bridge_ts.sh,cifar10r_test_accuracy,CIFAR-10-LT Lin.,0.7421333392,0.0054481423,3,True
sota/imagenet-100-lt/bridge_ts,jobs/sota/imagenet-100-lt/bridge_ts.sh,flowers_test_accuracy,Flowers Lin.,0.2554112623,0.0250559261,3,True
sota/imagenet-100-lt/bridge_ts,jobs/sota/imagenet-100-lt/bridge_ts.sh,flowersknn_knn_test_accuracy,Flowers kNN,0.1822222273,0.0021172907,3,True
sota/imagenet-100-lt/bridge_ts,jobs/sota/imagenet-100-lt/bridge_ts.sh,imagenet100lt_test_accuracy,ImageNet-100-LT Lin.,0.4828559061,0.0035393854,3,True
sota/imagenet-100-lt/bridge_ts,jobs/sota/imagenet-100-lt/bridge_ts.sh,imagenet100ltknn_knn_test_accuracy,ImageNet-100-LT kNN,0.4084201356,0.0051629331,3,True
sota/imagenet-100-lt/bridge_ts,jobs/sota/imagenet-100-lt/bridge_ts.sh,pets_test_accuracy,Pets Lin.,0.3306159476,0.0277416532,3,True
sota/imagenet-100-lt/bridge_ts,jobs/sota/imagenet-100-lt/bridge_ts.sh,petsknn_knn_test_accuracy,Pets kNN,0.1564940959,0.0074533139,3,True
sota/imagenet-100-lt/bridge_ts,jobs/sota/imagenet-100-lt/bridge_ts.sh,training_time,Training time (h),10.2498658498,0.5259466204,3,True
sota/imagenet-100-lt/sdclr,jobs/sota/imagenet-100-lt/sdclr.sh,aircraft_test_accuracy,Aircraft Lin.,0.0226954610,0.0054779553,3,True
sota/imagenet-100-lt/sdclr,jobs/sota/imagenet-100-lt/sdclr.sh,aircraftknn_knn_test_accuracy,Aircraft kNN,0.0206958602,0.0012725380,3,True
sota/imagenet-100-lt/sdclr,jobs/sota/imagenet-100-lt/sdclr.sh,cars_test_accuracy,Cars Lin.,0.0138888893,0.0032165067,3,True
sota/imagenet-100-lt/sdclr,jobs/sota/imagenet-100-lt/sdclr.sh,carsknn_knn_test_accuracy,Cars kNN,0.0102249488,0.0027588420,3,True
sota/imagenet-100-lt/sdclr,jobs/sota/imagenet-100-lt/sdclr.sh,cifar100knn_knn_test_accuracy,CIFAR-100-LT kNN,0.1085333327,0.0020853997,3,True
sota/imagenet-100-lt/sdclr,jobs/sota/imagenet-100-lt/sdclr.sh,cifar100r_test_accuracy,CIFAR-100-LT Lin.,0.1803666701,0.0055259001,3,True
sota/imagenet-100-lt/sdclr,jobs/sota/imagenet-100-lt/sdclr.sh,cifar10knn_knn_test_accuracy,CIFAR-10-LT kNN,0.3253333271,0.0039802287,3,True
sota/imagenet-100-lt/sdclr,jobs/sota/imagenet-100-lt/sdclr.sh,cifar10r_test_accuracy,CIFAR-10-LT Lin.,0.4112333357,0.0168709502,3,True
sota/imagenet-100-lt/sdclr,jobs/sota/imagenet-100-lt/sdclr.sh,flowers_test_accuracy,Flowers Lin.,0.1082251072,0.0170433062,3,True
sota/imagenet-100-lt/sdclr,jobs/sota/imagenet-100-lt/sdclr.sh,flowersknn_knn_test_accuracy,Flowers kNN,0.1069918697,0.0066288808,3,True
sota/imagenet-100-lt/sdclr,jobs/sota/imagenet-100-lt/sdclr.sh,imagenet100lt_test_accuracy,ImageNet-100-LT Lin.,0.2194010417,0.0064668686,3,True
sota/imagenet-100-lt/sdclr,jobs/sota/imagenet-100-lt/sdclr.sh,imagenet100ltknn_knn_test_accuracy,ImageNet-100-LT kNN,0.1119791667,0.0023170724,3,True
sota/imagenet-100-lt/sdclr,jobs/sota/imagenet-100-lt/sdclr.sh,pets_test_accuracy,Pets Lin.,0.1041666642,0.0025619805,3,True
sota/imagenet-100-lt/sdclr,jobs/sota/imagenet-100-lt/sdclr.sh,petsknn_knn_test_accuracy,Pets kNN,0.0471389641,0.0017376130,3,True
sota/imagenet-100-lt/sdclr,jobs/sota/imagenet-100-lt/sdclr.sh,training_time,Training time (h),15.0410703023,0.0610136634,3,True
sota/imagenet-100-lt/simclr,jobs/sota/imagenet-100-lt/simclr.sh,aircraft_test_accuracy,Aircraft Lin.,0.1963607272,0.0021950087,3,True
sota/imagenet-100-lt/simclr,jobs/sota/imagenet-100-lt/simclr.sh,aircraftknn_knn_test_accuracy,Aircraft kNN,0.1120775839,0.0037087041,3,True
sota/imagenet-100-lt/simclr,jobs/sota/imagenet-100-lt/simclr.sh,cars_test_accuracy,Cars Lin.,0.1372549037,0.0034662060,3,True
sota/imagenet-100-lt/simclr,jobs/sota/imagenet-100-lt/simclr.sh,carsknn_knn_test_accuracy,Cars kNN,0.0603271984,0.0069469484,3,True
sota/imagenet-100-lt/simclr,jobs/sota/imagenet-100-lt/simclr.sh,cifar100knn_knn_test_accuracy,CIFAR-100-LT kNN,0.3734999994,0.0019799044,3,True
sota/imagenet-100-lt/simclr,jobs/sota/imagenet-100-lt/simclr.sh,cifar100r_test_accuracy,CIFAR-100-LT Lin.,0.4677333335,0.0035640169,3,True
sota/imagenet-100-lt/simclr,jobs/sota/imagenet-100-lt/simclr.sh,cifar10knn_knn_test_accuracy,CIFAR-10-LT kNN,0.6858000159,0.0037956200,3,True
sota/imagenet-100-lt/simclr,jobs/sota/imagenet-100-lt/simclr.sh,cifar10r_test_accuracy,CIFAR-10-LT Lin.,0.7391333381,0.0045973491,3,True
sota/imagenet-100-lt/simclr,jobs/sota/imagenet-100-lt/simclr.sh,flowers_test_accuracy,Flowers Lin.,0.3593073487,0.0723733897,3,True
sota/imagenet-100-lt/simclr,jobs/sota/imagenet-100-lt/simclr.sh,flowersknn_knn_test_accuracy,Flowers kNN,0.3220054209,0.0069143468,3,True
sota/imagenet-100-lt/simclr,jobs/sota/imagenet-100-lt/simclr.sh,imagenet100lt_test_accuracy,ImageNet-100-LT Lin.,0.5036892494,0.0051079076,3,True
sota/imagenet-100-lt/simclr,jobs/sota/imagenet-100-lt/simclr.sh,imagenet100ltknn_knn_test_accuracy,ImageNet-100-LT kNN,0.4390190939,0.0086097398,3,True
sota/imagenet-100-lt/simclr,jobs/sota/imagenet-100-lt/simclr.sh,pets_test_accuracy,Pets Lin.,0.3858695626,0.0153718829,3,True
sota/imagenet-100-lt/simclr,jobs/sota/imagenet-100-lt/simclr.sh,petsknn_knn_test_accuracy,Pets kNN,0.2359673033,0.0026229835,3,True
sota/imagenet-100-lt/simclr,jobs/sota/imagenet-100-lt/simclr.sh,training_time,Training time (h),16.8992449443,0.3733617055,3,True
sota/imagenet-100-lt/ts,jobs/sota/imagenet-100-lt/ts.sh,aircraft_test_accuracy,Aircraft Lin.,0.1502699405,0.0012725398,3,True
sota/imagenet-100-lt/ts,jobs/sota/imagenet-100-lt/ts.sh,aircraftknn_knn_test_accuracy,Aircraft kNN,0.0828834226,0.0046616846,3,True
sota/imagenet-100-lt/ts,jobs/sota/imagenet-100-lt/ts.sh,cars_test_accuracy,Cars Lin.,0.1245915070,0.0123498523,3,True
sota/imagenet-100-lt/ts,jobs/sota/imagenet-100-lt/ts.sh,carsknn_knn_test_accuracy,Cars kNN,0.0472392639,0.0018060858,3,True
sota/imagenet-100-lt/ts,jobs/sota/imagenet-100-lt/ts.sh,cifar100knn_knn_test_accuracy,CIFAR-100-LT kNN,0.3648666739,0.0009030843,3,True
sota/imagenet-100-lt/ts,jobs/sota/imagenet-100-lt/ts.sh,cifar100r_test_accuracy,CIFAR-100-LT Lin.,0.4402000010,0.0048709933,3,True
sota/imagenet-100-lt/ts,jobs/sota/imagenet-100-lt/ts.sh,cifar10knn_knn_test_accuracy,CIFAR-10-LT kNN,0.6842333277,0.0026948603,3,True
sota/imagenet-100-lt/ts,jobs/sota/imagenet-100-lt/ts.sh,cifar10r_test_accuracy,CIFAR-10-LT Lin.,0.7248666684,0.0039752058,3,True
sota/imagenet-100-lt/ts,jobs/sota/imagenet-100-lt/ts.sh,flowers_test_accuracy,Flowers Lin.,0.3571428557,0.0183664024,3,True
sota/imagenet-100-lt/ts,jobs/sota/imagenet-100-lt/ts.sh,flowersknn_knn_test_accuracy,Flowers kNN,0.2660162548,0.0102641043,3,True
sota/imagenet-100-lt/ts,jobs/sota/imagenet-100-lt/ts.sh,imagenet100lt_test_accuracy,ImageNet-100-LT Lin.,0.5672742923,0.0115528126,3,True
sota/imagenet-100-lt/ts,jobs/sota/imagenet-100-lt/ts.sh,imagenet100ltknn_knn_test_accuracy,ImageNet-100-LT kNN,0.5223524372,0.0049391545,3,True
sota/imagenet-100-lt/ts,jobs/sota/imagenet-100-lt/ts.sh,pets_test_accuracy,Pets Lin.,0.4057971040,0.0217768411,3,True
sota/imagenet-100-lt/ts,jobs/sota/imagenet-100-lt/ts.sh,petsknn_knn_test_accuracy,Pets kNN,0.2356039931,0.0169205648,3,True
sota/imagenet-100-lt/ts,jobs/sota/imagenet-100-lt/ts.sh,training_time,Training time (h),17.2200482686,0.0997751781,3,True
sota/cifar-10-lt/bridge,jobs/sota/cifar-10-lt/bridge.sh,aircraft_test_accuracy,Aircraft Lin.,0.1771645695,0.0104745440,3,True
sota/cifar-10-lt/bridge,jobs/sota/cifar-10-lt/bridge.sh,aircraftknn_knn_test_accuracy,Aircraft kNN,0.1002799446,0.0015934177,3,True
sota/cifar-10-lt/bridge,jobs/sota/cifar-10-lt/bridge.sh,cars_test_accuracy,Cars Lin.,0.0915032675,0.0075101221,3,True
sota/cifar-10-lt/bridge,jobs/sota/cifar-10-lt/bridge.sh,carsknn_knn_test_accuracy,Cars kNN,0.0482617592,0.0053561556,3,True
sota/cifar-10-lt/bridge,jobs/sota/cifar-10-lt/bridge.sh,cifar100knn_knn_test_accuracy,CIFAR-100-LT kNN,0.4096333285,0.0035537080,3,True
sota/cifar-10-lt/bridge,jobs/sota/cifar-10-lt/bridge.sh,cifar100r_test_accuracy,CIFAR-100-LT Lin.,0.4979666670,0.0039296666,3,True
sota/cifar-10-lt/bridge,jobs/sota/cifar-10-lt/bridge.sh,cifar10knn_knn_test_accuracy,CIFAR-10-LT kNN,0.7478666504,0.0036233815,3,True
sota/cifar-10-lt/bridge,jobs/sota/cifar-10-lt/bridge.sh,cifar10r_test_accuracy,CIFAR-10-LT Lin.,0.7811333338,0.0033688062,3,True
sota/cifar-10-lt/bridge,jobs/sota/cifar-10-lt/bridge.sh,flowers_test_accuracy,Flowers Lin.,0.1818181823,0.0106038494,3,True
sota/cifar-10-lt/bridge,jobs/sota/cifar-10-lt/bridge.sh,flowersknn_knn_test_accuracy,Flowers kNN,0.2423306207,0.0060612602,3,True
sota/cifar-10-lt/bridge,jobs/sota/cifar-10-lt/bridge.sh,imagenet100lt_test_accuracy,ImageNet-100-LT Lin.,0.3899739583,0.0061304005,3,True
sota/cifar-10-lt/bridge,jobs/sota/cifar-10-lt/bridge.sh,imagenet100ltknn_knn_test_accuracy,ImageNet-100-LT kNN,0.2973090311,0.0032479674,3,True
sota/cifar-10-lt/bridge,jobs/sota/cifar-10-lt/bridge.sh,pets_test_accuracy,Pets Lin.,0.2735507240,0.0273844487,3,True
sota/cifar-10-lt/bridge,jobs/sota/cifar-10-lt/bridge.sh,petsknn_knn_test_accuracy,Pets kNN,0.1624886443,0.0074533097,3,True
sota/cifar-10-lt/bridge,jobs/sota/cifar-10-lt/bridge.sh,training_time,Training time (h),20.1985047658,0.1784322539,3,True
sota/cifar-10-lt/bridge_sdclr,jobs/sota/cifar-10-lt/bridge_sdclr.sh,aircraft_test_accuracy,Aircraft Lin.,0.0222955402,0.0060452773,3,True
sota/cifar-10-lt/bridge_sdclr,jobs/sota/cifar-10-lt/bridge_sdclr.sh,aircraftknn_knn_test_accuracy,Aircraft kNN,0.0218956210,0.0020045935,3,True
sota/cifar-10-lt/bridge_sdclr,jobs/sota/cifar-10-lt/bridge_sdclr.sh,cars_test_accuracy,Cars Lin.,0.0142973857,0.0005777016,3,True
sota/cifar-10-lt/bridge_sdclr,jobs/sota/cifar-10-lt/bridge_sdclr.sh,carsknn_knn_test_accuracy,Cars kNN,0.0124744376,0.0020854887,3,True
sota/cifar-10-lt/bridge_sdclr,jobs/sota/cifar-10-lt/bridge_sdclr.sh,cifar100knn_knn_test_accuracy,CIFAR-100-LT kNN,0.1144333333,0.0059968486,3,True
sota/cifar-10-lt/bridge_sdclr,jobs/sota/cifar-10-lt/bridge_sdclr.sh,cifar100r_test_accuracy,CIFAR-100-LT Lin.,0.1791666696,0.0052162127,3,True
sota/cifar-10-lt/bridge_sdclr,jobs/sota/cifar-10-lt/bridge_sdclr.sh,cifar10knn_knn_test_accuracy,CIFAR-10-LT kNN,0.3438333273,0.0118356307,3,True
sota/cifar-10-lt/bridge_sdclr,jobs/sota/cifar-10-lt/bridge_sdclr.sh,cifar10r_test_accuracy,CIFAR-10-LT Lin.,0.4094333351,0.0070872381,3,True
sota/cifar-10-lt/bridge_sdclr,jobs/sota/cifar-10-lt/bridge_sdclr.sh,flowers_test_accuracy,Flowers Lin.,0.1103896126,0.0242964793,3,True
sota/cifar-10-lt/bridge_sdclr,jobs/sota/cifar-10-lt/bridge_sdclr.sh,flowersknn_knn_test_accuracy,Flowers kNN,0.0877506783,0.0149860330,3,True
sota/cifar-10-lt/bridge_sdclr,jobs/sota/cifar-10-lt/bridge_sdclr.sh,imagenet100lt_test_accuracy,ImageNet-100-LT Lin.,0.2102864534,0.0063788795,3,True
sota/cifar-10-lt/bridge_sdclr,jobs/sota/cifar-10-lt/bridge_sdclr.sh,imagenet100ltknn_knn_test_accuracy,ImageNet-100-LT kNN,0.1171875000,0.0111630392,3,True
sota/cifar-10-lt/bridge_sdclr,jobs/sota/cifar-10-lt/bridge_sdclr.sh,pets_test_accuracy,Pets Lin.,0.0996376822,0.0268397331,3,True
sota/cifar-10-lt/bridge_sdclr,jobs/sota/cifar-10-lt/bridge_sdclr.sh,petsknn_knn_test_accuracy,Pets kNN,0.0500454145,0.0017982726,3,True
sota/cifar-10-lt/bridge_sdclr,jobs/sota/cifar-10-lt/bridge_sdclr.sh,training_time,Training time (h),17.6406943003,0.0422742428,3,True
sota/cifar-10-lt/bridge_ts,jobs/sota/cifar-10-lt/bridge_ts.sh,aircraft_test_accuracy,Aircraft Lin.,0.1112777442,0.0074483407,3,True
sota/cifar-10-lt/bridge_ts,jobs/sota/cifar-10-lt/bridge_ts.sh,aircraftknn_knn_test_accuracy,Aircraft kNN,0.0661867646,0.0038747904,3,True
sota/cifar-10-lt/bridge_ts,jobs/sota/cifar-10-lt/bridge_ts.sh,cars_test_accuracy,Cars Lin.,0.0751633992,0.0087422100,3,True
sota/cifar-10-lt/bridge_ts,jobs/sota/cifar-10-lt/bridge_ts.sh,carsknn_knn_test_accuracy,Cars kNN,0.0314928417,0.0025212323,3,True
sota/cifar-10-lt/bridge_ts,jobs/sota/cifar-10-lt/bridge_ts.sh,cifar100knn_knn_test_accuracy,CIFAR-100-LT kNN,0.3531333307,0.0046991659,3,True
sota/cifar-10-lt/bridge_ts,jobs/sota/cifar-10-lt/bridge_ts.sh,cifar100r_test_accuracy,CIFAR-100-LT Lin.,0.4608666698,0.0025901518,3,True
sota/cifar-10-lt/bridge_ts,jobs/sota/cifar-10-lt/bridge_ts.sh,cifar10knn_knn_test_accuracy,CIFAR-10-LT kNN,0.7756000161,0.0071278732,3,True
sota/cifar-10-lt/bridge_ts,jobs/sota/cifar-10-lt/bridge_ts.sh,cifar10r_test_accuracy,CIFAR-10-LT Lin.,0.7863333225,0.0031961662,3,True
sota/cifar-10-lt/bridge_ts,jobs/sota/cifar-10-lt/bridge_ts.sh,flowers_test_accuracy,Flowers Lin.,0.1450216422,0.0061221318,3,True
sota/cifar-10-lt/bridge_ts,jobs/sota/cifar-10-lt/bridge_ts.sh,flowersknn_knn_test_accuracy,Flowers kNN,0.1632520358,0.0063823305,3,True
sota/cifar-10-lt/bridge_ts,jobs/sota/cifar-10-lt/bridge_ts.sh,imagenet100lt_test_accuracy,ImageNet-100-LT Lin.,0.3960503439,0.0078365710,3,True
sota/cifar-10-lt/bridge_ts,jobs/sota/cifar-10-lt/bridge_ts.sh,imagenet100ltknn_knn_test_accuracy,ImageNet-100-LT kNN,0.2673611144,0.0013377672,3,True
sota/cifar-10-lt/bridge_ts,jobs/sota/cifar-10-lt/bridge_ts.sh,pets_test_accuracy,Pets Lin.,0.2509058019,0.0271134661,3,True
sota/cifar-10-lt/bridge_ts,jobs/sota/cifar-10-lt/bridge_ts.sh,petsknn_knn_test_accuracy,Pets kNN,0.1249772956,0.0100321205,3,True
sota/cifar-10-lt/bridge_ts,jobs/sota/cifar-10-lt/bridge_ts.sh,training_time,Training time (h),21.6022103628,0.9643657745,3,True
sota/cifar-10-lt/sdclr,jobs/sota/cifar-10-lt/sdclr.sh,aircraft_test_accuracy,Aircraft Lin.,0.0243024305,0.0091053043,3,True
sota/cifar-10-lt/sdclr,jobs/sota/cifar-10-lt/sdclr.sh,aircraftknn_knn_test_accuracy,Aircraft kNN,0.0219021905,0.0018001795,3,True
sota/cifar-10-lt/sdclr,jobs/sota/cifar-10-lt/sdclr.sh,cars_test_accuracy,Cars Lin.,0.0114519419,0.0007084049,3,True
sota/cifar-10-lt/sdclr,jobs/sota/cifar-10-lt/sdclr.sh,carsknn_knn_test_accuracy,Cars kNN,0.0169838350,0.0028353606,3,True
sota/cifar-10-lt/sdclr,jobs/sota/cifar-10-lt/sdclr.sh,cifar100knn_knn_test_accuracy,CIFAR-100-LT kNN,0.0997333303,0.0030287546,3,True
sota/cifar-10-lt/sdclr,jobs/sota/cifar-10-lt/sdclr.sh,cifar100r_test_accuracy,CIFAR-100-LT Lin.,0.1555666775,0.0022501838,3,True
sota/cifar-10-lt/sdclr,jobs/sota/cifar-10-lt/sdclr.sh,cifar10knn_knn_test_accuracy,CIFAR-10-LT kNN,0.3007666767,0.0034268531,3,True
sota/cifar-10-lt/sdclr,jobs/sota/cifar-10-lt/sdclr.sh,cifar10r_test_accuracy,CIFAR-10-LT Lin.,0.3956999779,0.0113450354,3,True
sota/cifar-10-lt/sdclr,jobs/sota/cifar-10-lt/sdclr.sh,flowers_test_accuracy,Flowers Lin.,0.1198257133,0.0164484438,3,True
sota/cifar-10-lt/sdclr,jobs/sota/cifar-10-lt/sdclr.sh,flowersknn_knn_test_accuracy,Flowers kNN,0.1007209793,0.0073567098,3,True
sota/cifar-10-lt/sdclr,jobs/sota/cifar-10-lt/sdclr.sh,imagenet100lt_test_accuracy,ImageNet-100-LT Lin.,0.1652551442,0.0156397037,3,True
sota/cifar-10-lt/sdclr,jobs/sota/cifar-10-lt/sdclr.sh,imagenet100ltknn_knn_test_accuracy,ImageNet-100-LT kNN,0.0983713269,0.0033851184,3,True
sota/cifar-10-lt/sdclr,jobs/sota/cifar-10-lt/sdclr.sh,pets_test_accuracy,Pets Lin.,0.0905797109,0.0184969027,3,True
sota/cifar-10-lt/sdclr,jobs/sota/cifar-10-lt/sdclr.sh,petsknn_knn_test_accuracy,Pets kNN,0.0439720154,0.0037601900,3,True
sota/cifar-10-lt/sdclr,jobs/sota/cifar-10-lt/sdclr.sh,training_time,Training time (h),14.1144027710,1.3365312815,3,True
sota/cifar-10-lt/simclr,jobs/sota/cifar-10-lt/simclr.sh,aircraft_test_accuracy,Aircraft Lin.,0.1602160186,0.0089608086,3,True
sota/cifar-10-lt/simclr,jobs/sota/cifar-10-lt/simclr.sh,aircraftknn_knn_test_accuracy,Aircraft kNN,0.0976097584,0.0072028022,3,True
sota/cifar-10-lt/simclr,jobs/sota/cifar-10-lt/simclr.sh,cars_test_accuracy,Cars Lin.,0.0654396713,0.0035420256,3,True
sota/cifar-10-lt/simclr,jobs/sota/cifar-10-lt/simclr.sh,carsknn_knn_test_accuracy,Cars kNN,0.0374462865,0.0036832411,3,True
sota/cifar-10-lt/simclr,jobs/sota/cifar-10-lt/simclr.sh,cifar100knn_knn_test_accuracy,CIFAR-100-LT kNN,0.3338666856,0.0028023820,3,True
sota/cifar-10-lt/simclr,jobs/sota/cifar-10-lt/simclr.sh,cifar100r_test_accuracy,CIFAR-100-LT Lin.,0.3803333342,0.0095824394,3,True
sota/cifar-10-lt/simclr,jobs/sota/cifar-10-lt/simclr.sh,cifar10knn_knn_test_accuracy,CIFAR-10-LT kNN,0.6689999700,0.0043208683,3,True
sota/cifar-10-lt/simclr,jobs/sota/cifar-10-lt/simclr.sh,cifar10r_test_accuracy,CIFAR-10-LT Lin.,0.6775999665,0.0021071211,3,True
sota/cifar-10-lt/simclr,jobs/sota/cifar-10-lt/simclr.sh,flowers_test_accuracy,Flowers Lin.,0.1917211413,0.0164484400,3,True
sota/cifar-10-lt/simclr,jobs/sota/cifar-10-lt/simclr.sh,flowersknn_knn_test_accuracy,Flowers kNN,0.1647964418,0.0081335763,3,True
sota/cifar-10-lt/simclr,jobs/sota/cifar-10-lt/simclr.sh,imagenet100lt_test_accuracy,ImageNet-100-LT Lin.,0.3200868666,0.0065902178,3,True
sota/cifar-10-lt/simclr,jobs/sota/cifar-10-lt/simclr.sh,imagenet100ltknn_knn_test_accuracy,ImageNet-100-LT kNN,0.2401737422,0.0076066363,3,True
sota/cifar-10-lt/simclr,jobs/sota/cifar-10-lt/simclr.sh,pets_test_accuracy,Pets Lin.,0.2400362343,0.0128418868,3,True
sota/cifar-10-lt/simclr,jobs/sota/cifar-10-lt/simclr.sh,petsknn_knn_test_accuracy,Pets kNN,0.1388207525,0.0082414690,3,True
sota/cifar-10-lt/simclr,jobs/sota/cifar-10-lt/simclr.sh,training_time,Training time (h),17.0433368683,0.3097715676,3,True
sota/cifar-10-lt/ts,jobs/sota/cifar-10-lt/ts.sh,aircraft_test_accuracy,Aircraft Lin.,0.1033103392,0.0013529134,3,True
sota/cifar-10-lt/ts,jobs/sota/cifar-10-lt/ts.sh,aircraftknn_knn_test_accuracy,Aircraft kNN,0.0642064214,0.0023814137,3,True
sota/cifar-10-lt/ts,jobs/sota/cifar-10-lt/ts.sh,cars_test_accuracy,Cars Lin.,0.0429447889,0.0021252157,3,True
sota/cifar-10-lt/ts,jobs/sota/cifar-10-lt/ts.sh,carsknn_knn_test_accuracy,Cars kNN,0.0243503172,0.0055020782,3,True
sota/cifar-10-lt/ts,jobs/sota/cifar-10-lt/ts.sh,cifar100knn_knn_test_accuracy,CIFAR-100-LT kNN,0.2784999907,0.0035369559,3,True
sota/cifar-10-lt/ts,jobs/sota/cifar-10-lt/ts.sh,cifar100r_test_accuracy,CIFAR-100-LT Lin.,0.3598000109,0.0173285883,3,True
sota/cifar-10-lt/ts,jobs/sota/cifar-10-lt/ts.sh,cifar10knn_knn_test_accuracy,CIFAR-10-LT kNN,0.6628000140,0.0056559546,3,True
sota/cifar-10-lt/ts,jobs/sota/cifar-10-lt/ts.sh,cifar10r_test_accuracy,CIFAR-10-LT Lin.,0.6854000092,0.0134892557,3,True
sota/cifar-10-lt/ts,jobs/sota/cifar-10-lt/ts.sh,flowers_test_accuracy,Flowers Lin.,0.1307189614,0.0196078457,3,True
sota/cifar-10-lt/ts,jobs/sota/cifar-10-lt/ts.sh,flowersknn_knn_test_accuracy,Flowers kNN,0.1046782658,0.0072880862,3,True
sota/cifar-10-lt/ts,jobs/sota/cifar-10-lt/ts.sh,imagenet100lt_test_accuracy,ImageNet-100-LT Lin.,0.3150922954,0.0117324060,3,True
sota/cifar-10-lt/ts,jobs/sota/cifar-10-lt/ts.sh,imagenet100ltknn_knn_test_accuracy,ImageNet-100-LT kNN,0.2199782878,0.0085023958,3,True
sota/cifar-10-lt/ts,jobs/sota/cifar-10-lt/ts.sh,pets_test_accuracy,Pets Lin.,0.1965579540,0.0226267986,3,True
sota/cifar-10-lt/ts,jobs/sota/cifar-10-lt/ts.sh,petsknn_knn_test_accuracy,Pets kNN,0.1112019643,0.0036668347,3,True
sota/cifar-10-lt/ts,jobs/sota/cifar-10-lt/ts.sh,training_time,Training time (h),18.1997318268,0.4646553993,3,True
sota/cifar-100-lt/bridge,jobs/sota/cifar-100-lt/bridge.sh,aircraft_test_accuracy,Aircraft Lin.,0.1822135597,0.0067486465,2,False
sota/cifar-100-lt/bridge,jobs/sota/cifar-100-lt/bridge.sh,aircraftknn_knn_test_accuracy,Aircraft kNN,0.0892321505,0.0010497905,2,False
sota/cifar-100-lt/bridge,jobs/sota/cifar-100-lt/bridge.sh,cars_test_accuracy,Cars Lin.,0.0833333358,0.0098039210,2,False
sota/cifar-100-lt/bridge,jobs/sota/cifar-100-lt/bridge.sh,carsknn_knn_test_accuracy,Cars kNN,0.0478527620,0.0055214725,2,False
sota/cifar-100-lt/bridge,jobs/sota/cifar-100-lt/bridge.sh,cifar100knn_knn_test_accuracy,CIFAR-100-LT kNN,0.3949500024,0.0006499887,2,False
sota/cifar-100-lt/bridge,jobs/sota/cifar-100-lt/bridge.sh,cifar100r_test_accuracy,CIFAR-100-LT Lin.,0.4805500060,0.0043499917,2,False
sota/cifar-100-lt/bridge,jobs/sota/cifar-100-lt/bridge.sh,cifar10knn_knn_test_accuracy,CIFAR-10-LT kNN,0.6932000220,0.0045000017,2,False
sota/cifar-100-lt/bridge,jobs/sota/cifar-100-lt/bridge.sh,cifar10r_test_accuracy,CIFAR-10-LT Lin.,0.7416000068,0.0054999888,2,False
sota/cifar-100-lt/bridge,jobs/sota/cifar-100-lt/bridge.sh,flowers_test_accuracy,Flowers Lin.,0.2435064986,0.0227272734,2,False
sota/cifar-100-lt/bridge,jobs/sota/cifar-100-lt/bridge.sh,flowersknn_knn_test_accuracy,Flowers kNN,0.2187804878,0.0008943081,2,False
sota/cifar-100-lt/bridge,jobs/sota/cifar-100-lt/bridge.sh,imagenet100lt_test_accuracy,ImageNet-100-LT Lin.,0.3981119692,0.0107421875,2,False
sota/cifar-100-lt/bridge,jobs/sota/cifar-100-lt/bridge.sh,imagenet100ltknn_knn_test_accuracy,ImageNet-100-LT kNN,0.2913411409,0.0074869841,2,False
sota/cifar-100-lt/bridge,jobs/sota/cifar-100-lt/bridge.sh,pets_test_accuracy,Pets Lin.,0.2758152187,0.0067934692,2,False
sota/cifar-100-lt/bridge,jobs/sota/cifar-100-lt/bridge.sh,petsknn_knn_test_accuracy,Pets kNN,0.1554495916,0.0012261644,2,False
sota/cifar-100-lt/bridge,jobs/sota/cifar-100-lt/bridge.sh,training_time,Training time (h),11.8693394661,0.1985812187,2,False
sota/cifar-100-lt/bridge_sdclr,jobs/sota/cifar-100-lt/bridge_sdclr.sh,aircraft_test_accuracy,Aircraft Lin.,0.0222955408,0.0060204237,3,True
sota/cifar-100-lt/bridge_sdclr,jobs/sota/cifar-100-lt/bridge_sdclr.sh,aircraftknn_knn_test_accuracy,Aircraft kNN,0.0209958010,0.0047802571,3,True
sota/cifar-100-lt/bridge_sdclr,jobs/sota/cifar-100-lt/bridge_sdclr.sh,cars_test_accuracy,Cars Lin.,0.0130718956,0.0011554032,3,True
sota/cifar-100-lt/bridge_sdclr,jobs/sota/cifar-100-lt/bridge_sdclr.sh,carsknn_knn_test_accuracy,Cars kNN,0.0079754603,0.0008676157,3,True
sota/cifar-100-lt/bridge_sdclr,jobs/sota/cifar-100-lt/bridge_sdclr.sh,cifar100knn_knn_test_accuracy,CIFAR-100-LT kNN,0.1041666667,0.0046312919,3,True
sota/cifar-100-lt/bridge_sdclr,jobs/sota/cifar-100-lt/bridge_sdclr.sh,cifar100r_test_accuracy,CIFAR-100-LT Lin.,0.1688000013,0.0087189464,3,True
sota/cifar-100-lt/bridge_sdclr,jobs/sota/cifar-100-lt/bridge_sdclr.sh,cifar10knn_knn_test_accuracy,CIFAR-10-LT kNN,0.3188000023,0.0043566102,3,True
sota/cifar-100-lt/bridge_sdclr,jobs/sota/cifar-100-lt/bridge_sdclr.sh,cifar10r_test_accuracy,CIFAR-10-LT Lin.,0.4196666678,0.0151354652,3,True
sota/cifar-100-lt/bridge_sdclr,jobs/sota/cifar-100-lt/bridge_sdclr.sh,flowers_test_accuracy,Flowers Lin.,0.1060606043,0.0080988251,3,True
sota/cifar-100-lt/bridge_sdclr,jobs/sota/cifar-100-lt/bridge_sdclr.sh,flowersknn_knn_test_accuracy,Flowers kNN,0.0746883464,0.0162082279,3,True
sota/cifar-100-lt/bridge_sdclr,jobs/sota/cifar-100-lt/bridge_sdclr.sh,imagenet100lt_test_accuracy,ImageNet-100-LT Lin.,0.2022569478,0.0090419580,3,True
sota/cifar-100-lt/bridge_sdclr,jobs/sota/cifar-100-lt/bridge_sdclr.sh,imagenet100ltknn_knn_test_accuracy,ImageNet-100-LT kNN,0.0913628464,0.0069172656,3,True
sota/cifar-100-lt/bridge_sdclr,jobs/sota/cifar-100-lt/bridge_sdclr.sh,pets_test_accuracy,Pets Lin.,0.0833333333,0.0084000169,3,True
sota/cifar-100-lt/bridge_sdclr,jobs/sota/cifar-100-lt/bridge_sdclr.sh,petsknn_knn_test_accuracy,Pets kNN,0.0453224344,0.0007813190,3,True
sota/cifar-100-lt/bridge_sdclr,jobs/sota/cifar-100-lt/bridge_sdclr.sh,training_time,Training time (h),11.4785257975,1.8195811833,3,True
sota/cifar-100-lt/bridge_ts,jobs/sota/cifar-100-lt/bridge_ts.sh,aircraft_test_accuracy,Aircraft Lin.,0.1406718642,0.0047990382,2,False
sota/cifar-100-lt/bridge_ts,jobs/sota/cifar-100-lt/bridge_ts.sh,aircraftknn_knn_test_accuracy,Aircraft kNN,0.0632873438,0.0005998798,2,False
sota/cifar-100-lt/bridge_ts,jobs/sota/cifar-100-lt/bridge_ts.sh,cars_test_accuracy,Cars Lin.,0.0790441185,0.0055147037,2,False
sota/cifar-100-lt/bridge_ts,jobs/sota/cifar-100-lt/bridge_ts.sh,carsknn_knn_test_accuracy,Cars kNN,0.0285276081,0.0027607363,2,False
sota/cifar-100-lt/bridge_ts,jobs/sota/cifar-100-lt/bridge_ts.sh,cifar100knn_knn_test_accuracy,CIFAR-100-LT kNN,0.3663999885,0.0037000030,2,False
sota/cifar-100-lt/bridge_ts,jobs/sota/cifar-100-lt/bridge_ts.sh,cifar100r_test_accuracy,CIFAR-100-LT Lin.,0.4727500081,0.0048500001,2,False
sota/cifar-100-lt/bridge_ts,jobs/sota/cifar-100-lt/bridge_ts.sh,cifar10knn_knn_test_accuracy,CIFAR-10-LT kNN,0.6430000067,0.0038999915,2,False
sota/cifar-100-lt/bridge_ts,jobs/sota/cifar-100-lt/bridge_ts.sh,cifar10r_test_accuracy,CIFAR-10-LT Lin.,0.7370999753,0.0009000003,2,False
sota/cifar-100-lt/bridge_ts,jobs/sota/cifar-100-lt/bridge_ts.sh,flowers_test_accuracy,Flowers Lin.,0.1818181798,0.0324675366,2,False
sota/cifar-100-lt/bridge_ts,jobs/sota/cifar-100-lt/bridge_ts.sh,flowersknn_knn_test_accuracy,Flowers kNN,0.1641463414,0.0049593523,2,False
sota/cifar-100-lt/bridge_ts,jobs/sota/cifar-100-lt/bridge_ts.sh,imagenet100lt_test_accuracy,ImageNet-100-LT Lin.,0.4130859375,0.0029296875,2,False
sota/cifar-100-lt/bridge_ts,jobs/sota/cifar-100-lt/bridge_ts.sh,imagenet100ltknn_knn_test_accuracy,ImageNet-100-LT kNN,0.2822265625,0.0061849058,2,False
sota/cifar-100-lt/bridge_ts,jobs/sota/cifar-100-lt/bridge_ts.sh,pets_test_accuracy,Pets Lin.,0.2839673907,0.0040760785,2,False
sota/cifar-100-lt/bridge_ts,jobs/sota/cifar-100-lt/bridge_ts.sh,petsknn_knn_test_accuracy,Pets kNN,0.1230245233,0.0004087165,2,False
sota/cifar-100-lt/bridge_ts,jobs/sota/cifar-100-lt/bridge_ts.sh,training_time,Training time (h),15.3734483719,0.5803632736,2,False
sota/cifar-100-lt/sdclr,jobs/sota/cifar-100-lt/sdclr.sh,aircraft_test_accuracy,Aircraft Lin.,0.0244024396,0.0069353897,3,True
sota/cifar-100-lt/sdclr,jobs/sota/cifar-100-lt/sdclr.sh,aircraftknn_knn_test_accuracy,Aircraft kNN,0.0193019304,0.0016524368,3,True
sota/cifar-100-lt/sdclr,jobs/sota/cifar-100-lt/sdclr.sh,cars_test_accuracy,Cars Lin.,0.0192229040,0.0007084049,3,True
sota/cifar-100-lt/sdclr,jobs/sota/cifar-100-lt/sdclr.sh,carsknn_knn_test_accuracy,Cars kNN,0.0092081036,0.0037340471,3,True
sota/cifar-100-lt/sdclr,jobs/sota/cifar-100-lt/sdclr.sh,cifar100knn_knn_test_accuracy,CIFAR-100-LT kNN,0.0846999958,0.0055560749,3,True
sota/cifar-100-lt/sdclr,jobs/sota/cifar-100-lt/sdclr.sh,cifar100r_test_accuracy,CIFAR-100-LT Lin.,0.1567666680,0.0017009791,3,True
sota/cifar-100-lt/sdclr,jobs/sota/cifar-100-lt/sdclr.sh,cifar10knn_knn_test_accuracy,CIFAR-10-LT kNN,0.2570333183,0.0118069099,3,True
sota/cifar-100-lt/sdclr,jobs/sota/cifar-100-lt/sdclr.sh,cifar10r_test_accuracy,CIFAR-10-LT Lin.,0.3712999821,0.0084148720,3,True
sota/cifar-100-lt/sdclr,jobs/sota/cifar-100-lt/sdclr.sh,flowers_test_accuracy,Flowers Lin.,0.0936819240,0.0099838246,3,True
sota/cifar-100-lt/sdclr,jobs/sota/cifar-100-lt/sdclr.sh,flowersknn_knn_test_accuracy,Flowers kNN,0.0728573799,0.0025351234,3,True
sota/cifar-100-lt/sdclr,jobs/sota/cifar-100-lt/sdclr.sh,imagenet100lt_test_accuracy,ImageNet-100-LT Lin.,0.1624321342,0.0032789698,3,True
sota/cifar-100-lt/sdclr,jobs/sota/cifar-100-lt/sdclr.sh,imagenet100ltknn_knn_test_accuracy,ImageNet-100-LT kNN,0.0833876133,0.0113025084,3,True
sota/cifar-100-lt/sdclr,jobs/sota/cifar-100-lt/sdclr.sh,pets_test_accuracy,Pets Lin.,0.0987318829,0.0172577482,3,True
sota/cifar-100-lt/sdclr,jobs/sota/cifar-100-lt/sdclr.sh,petsknn_knn_test_accuracy,Pets kNN,0.0392477512,0.0029481195,3,True
sota/cifar-100-lt/sdclr,jobs/sota/cifar-100-lt/sdclr.sh,training_time,Training time (h),9.4944982529,0.2694270611,3,True
sota/cifar-100-lt/simclr,jobs/sota/cifar-100-lt/simclr.sh,aircraft_test_accuracy,Aircraft Lin.,0.1123112217,0.0099252062,3,True
sota/cifar-100-lt/simclr,jobs/sota/cifar-100-lt/simclr.sh,aircraftknn_knn_test_accuracy,Aircraft kNN,0.0737073720,0.0037273022,3,True
sota/cifar-100-lt/simclr,jobs/sota/cifar-100-lt/simclr.sh,cars_test_accuracy,Cars Lin.,0.0413087942,0.0030878680,3,True
sota/cifar-100-lt/simclr,jobs/sota/cifar-100-lt/simclr.sh,carsknn_knn_test_accuracy,Cars kNN,0.0302844271,0.0033809515,3,True
sota/cifar-100-lt/simclr,jobs/sota/cifar-100-lt/simclr.sh,cifar100knn_knn_test_accuracy,CIFAR-100-LT kNN,0.3012000024,0.0090138698,3,True
sota/cifar-100-lt/simclr,jobs/sota/cifar-100-lt/simclr.sh,cifar100r_test_accuracy,CIFAR-100-LT Lin.,0.3111000061,0.0156038413,3,True
sota/cifar-100-lt/simclr,jobs/sota/cifar-100-lt/simclr.sh,cifar10knn_knn_test_accuracy,CIFAR-10-LT kNN,0.5932666659,0.0084387939,3,True
sota/cifar-100-lt/simclr,jobs/sota/cifar-100-lt/simclr.sh,cifar10r_test_accuracy,CIFAR-10-LT Lin.,0.5896000266,0.0146369468,3,True
sota/cifar-100-lt/simclr,jobs/sota/cifar-100-lt/simclr.sh,flowers_test_accuracy,Flowers Lin.,0.1263616532,0.0335398801,3,True
sota/cifar-100-lt/simclr,jobs/sota/cifar-100-lt/simclr.sh,flowersknn_knn_test_accuracy,Flowers kNN,0.1372038871,0.0015961841,3,True
sota/cifar-100-lt/simclr,jobs/sota/cifar-100-lt/simclr.sh,imagenet100lt_test_accuracy,ImageNet-100-LT Lin.,0.2866449356,0.0127161052,3,True
sota/cifar-100-lt/simclr,jobs/sota/cifar-100-lt/simclr.sh,imagenet100ltknn_knn_test_accuracy,ImageNet-100-LT kNN,0.2178067416,0.0105917528,3,True
sota/cifar-100-lt/simclr,jobs/sota/cifar-100-lt/simclr.sh,pets_test_accuracy,Pets Lin.,0.2010869533,0.0097976914,3,True
sota/cifar-100-lt/simclr,jobs/sota/cifar-100-lt/simclr.sh,petsknn_knn_test_accuracy,Pets kNN,0.1078404561,0.0039434042,3,True
sota/cifar-100-lt/simclr,jobs/sota/cifar-100-lt/simclr.sh,training_time,Training time (h),10.0123796463,0.2150938511,3,True
sota/cifar-100-lt/ts,jobs/sota/cifar-100-lt/ts.sh,aircraft_test_accuracy,Aircraft Lin.,0.0846084654,0.0018736862,3,True
sota/cifar-100-lt/ts,jobs/sota/cifar-100-lt/ts.sh,aircraftknn_knn_test_accuracy,Aircraft kNN,0.0547054708,0.0028516022,3,True
sota/cifar-100-lt/ts,jobs/sota/cifar-100-lt/ts.sh,cars_test_accuracy,Cars Lin.,0.0282208566,0.0056227916,3,True
sota/cifar-100-lt/ts,jobs/sota/cifar-100-lt/ts.sh,carsknn_knn_test_accuracy,Cars kNN,0.0241456926,0.0038986201,3,True
sota/cifar-100-lt/ts,jobs/sota/cifar-100-lt/ts.sh,cifar100knn_knn_test_accuracy,CIFAR-100-LT kNN,0.2460000068,0.0038314539,3,True
sota/cifar-100-lt/ts,jobs/sota/cifar-100-lt/ts.sh,cifar100r_test_accuracy,CIFAR-100-LT Lin.,0.2804333270,0.0013051151,3,True
sota/cifar-100-lt/ts,jobs/sota/cifar-100-lt/ts.sh,cifar10knn_knn_test_accuracy,CIFAR-10-LT kNN,0.5314333439,0.0056800740,3,True
sota/cifar-100-lt/ts,jobs/sota/cifar-100-lt/ts.sh,cifar10r_test_accuracy,CIFAR-10-LT Lin.,0.5634333491,0.0024583086,3,True
sota/cifar-100-lt/ts,jobs/sota/cifar-100-lt/ts.sh,flowers_test_accuracy,Flowers Lin.,0.1546841115,0.0247446969,3,True
sota/cifar-100-lt/ts,jobs/sota/cifar-100-lt/ts.sh,flowersknn_knn_test_accuracy,Flowers kNN,0.0927522108,0.0044843280,3,True
sota/cifar-100-lt/ts,jobs/sota/cifar-100-lt/ts.sh,imagenet100lt_test_accuracy,ImageNet-100-LT Lin.,0.2616721094,0.0182449222,3,True
sota/cifar-100-lt/ts,jobs/sota/cifar-100-lt/ts.sh,imagenet100ltknn_knn_test_accuracy,ImageNet-100-LT kNN,0.1871878356,0.0101414062,3,True
sota/cifar-100-lt/ts,jobs/sota/cifar-100-lt/ts.sh,pets_test_accuracy,Pets Lin.,0.1621376872,0.0309034828,3,True
sota/cifar-100-lt/ts,jobs/sota/cifar-100-lt/ts.sh,petsknn_knn_test_accuracy,Pets kNN,0.0830380619,0.0022030270,3,True
sota/cifar-100-lt/ts,jobs/sota/cifar-100-lt/ts.sh,training_time,Training time (h),11.6006469727,0.0795815513,3,True
sota/pass-subset/bridge,jobs/sota/pass-subset/bridge.sh,aircraft_test_accuracy,Aircraft Lin.,0.2051589688,0.0065850293,3,True
sota/pass-subset/bridge,jobs/sota/pass-subset/bridge.sh,aircraftknn_knn_test_accuracy,Aircraft kNN,0.1068786258,0.0044104677,3,True
sota/pass-subset/bridge,jobs/sota/pass-subset/bridge.sh,cars_test_accuracy,Cars Lin.,0.1364379078,0.0068109990,3,True
sota/pass-subset/bridge,jobs/sota/pass-subset/bridge.sh,carsknn_knn_test_accuracy,Cars kNN,0.0576687107,0.0045909908,3,True
sota/pass-subset/bridge,jobs/sota/pass-subset/bridge.sh,cifar100knn_knn_test_accuracy,CIFAR-100-LT kNN,0.3686666687,0.0034296007,3,True
sota/pass-subset/bridge,jobs/sota/pass-subset/bridge.sh,cifar100r_test_accuracy,CIFAR-100-LT Lin.,0.4708000024,0.0039807835,3,True
sota/pass-subset/bridge,jobs/sota/pass-subset/bridge.sh,cifar10knn_knn_test_accuracy,CIFAR-10-LT kNN,0.6754999955,0.0031123372,3,True
sota/pass-subset/bridge,jobs/sota/pass-subset/bridge.sh,cifar10r_test_accuracy,CIFAR-10-LT Lin.,0.7387000124,0.0025390306,3,True
sota/pass-subset/bridge,jobs/sota/pass-subset/bridge.sh,flowers_test_accuracy,Flowers Lin.,0.3766233722,0.0400286638,3,True
sota/pass-subset/bridge,jobs/sota/pass-subset/bridge.sh,flowersknn_knn_test_accuracy,Flowers kNN,0.3373983800,0.0016950115,3,True
sota/pass-subset/bridge,jobs/sota/pass-subset/bridge.sh,imagenet100lt_test_accuracy,ImageNet-100-LT Lin.,0.4906684061,0.0046443034,3,True
sota/pass-subset/bridge,jobs/sota/pass-subset/bridge.sh,imagenet100ltknn_knn_test_accuracy,ImageNet-100-LT kNN,0.4142795106,0.0075612977,3,True
sota/pass-subset/bridge,jobs/sota/pass-subset/bridge.sh,pets_test_accuracy,Pets Lin.,0.3713768125,0.0067783632,3,True
sota/pass-subset/bridge,jobs/sota/pass-subset/bridge.sh,petsknn_knn_test_accuracy,Pets kNN,0.1783832908,0.0057901444,3,True
sota/pass-subset/bridge,jobs/sota/pass-subset/bridge.sh,training_time,Training time (h),16.2976992925,1.3830442917,3,True
sota/pass-subset/bridge_sdclr,jobs/sota/pass-subset/bridge_sdclr.sh,aircraft_test_accuracy,Aircraft Lin.,0.0184963010,0.0085165125,3,True
sota/pass-subset/bridge_sdclr,jobs/sota/pass-subset/bridge_sdclr.sh,aircraftknn_knn_test_accuracy,Aircraft kNN,0.0236952609,0.0022040998,3,True
sota/pass-subset/bridge_sdclr,jobs/sota/pass-subset/bridge_sdclr.sh,cars_test_accuracy,Cars Lin.,0.0142973860,0.0028885084,3,True
sota/pass-subset/bridge_sdclr,jobs/sota/pass-subset/bridge_sdclr.sh,carsknn_knn_test_accuracy,Cars kNN,0.0159509207,0.0017352314,3,True
sota/pass-subset/bridge_sdclr,jobs/sota/pass-subset/bridge_sdclr.sh,cifar100knn_knn_test_accuracy,CIFAR-100-LT kNN,0.1355333328,0.0100087762,3,True
sota/pass-subset/bridge_sdclr,jobs/sota/pass-subset/bridge_sdclr.sh,cifar100r_test_accuracy,CIFAR-100-LT Lin.,0.1877666662,0.0092499833,3,True
sota/pass-subset/bridge_sdclr,jobs/sota/pass-subset/bridge_sdclr.sh,cifar10knn_knn_test_accuracy,CIFAR-10-LT kNN,0.3707666695,0.0200589721,3,True
sota/pass-subset/bridge_sdclr,jobs/sota/pass-subset/bridge_sdclr.sh,cifar10r_test_accuracy,CIFAR-10-LT Lin.,0.4400666654,0.0086784528,3,True
sota/pass-subset/bridge_sdclr,jobs/sota/pass-subset/bridge_sdclr.sh,flowers_test_accuracy,Flowers Lin.,0.1255411257,0.0261537780,3,True
sota/pass-subset/bridge_sdclr,jobs/sota/pass-subset/bridge_sdclr.sh,flowersknn_knn_test_accuracy,Flowers kNN,0.1013550137,0.0053243594,3,True
sota/pass-subset/bridge_sdclr,jobs/sota/pass-subset/bridge_sdclr.sh,imagenet100lt_test_accuracy,ImageNet-100-LT Lin.,0.2118055572,0.0106491724,3,True
sota/pass-subset/bridge_sdclr,jobs/sota/pass-subset/bridge_sdclr.sh,imagenet100ltknn_knn_test_accuracy,ImageNet-100-LT kNN,0.1312934036,0.0063418561,3,True
sota/pass-subset/bridge_sdclr,jobs/sota/pass-subset/bridge_sdclr.sh,pets_test_accuracy,Pets Lin.,0.1240942031,0.0126162907,3,True
sota/pass-subset/bridge_sdclr,jobs/sota/pass-subset/bridge_sdclr.sh,petsknn_knn_test_accuracy,Pets kNN,0.0629427781,0.0025657472,3,True
sota/pass-subset/bridge_sdclr,jobs/sota/pass-subset/bridge_sdclr.sh,training_time,Training time (h),13.2131233215,0.2851006398,3,True
sota/pass-subset/bridge_ts,jobs/sota/pass-subset/bridge_ts.sh,aircraft_test_accuracy,Aircraft Lin.,0.1411717633,0.0046552471,3,True
sota/pass-subset/bridge_ts,jobs/sota/pass-subset/bridge_ts.sh,aircraftknn_knn_test_accuracy,Aircraft kNN,0.0655868823,0.0009897520,3,True
sota/pass-subset/bridge_ts,jobs/sota/pass-subset/bridge_ts.sh,cars_test_accuracy,Cars Lin.,0.1213235259,0.0040024340,3,True
sota/pass-subset/bridge_ts,jobs/sota/pass-subset/bridge_ts.sh,carsknn_knn_test_accuracy,Cars kNN,0.0304703477,0.0020244372,3,True
sota/pass-subset/bridge_ts,jobs/sota/pass-subset/bridge_ts.sh,cifar100knn_knn_test_accuracy,CIFAR-100-LT kNN,0.2785999974,0.0046303350,3,True
sota/pass-subset/bridge_ts,jobs/sota/pass-subset/bridge_ts.sh,cifar100r_test_accuracy,CIFAR-100-LT Lin.,0.4059333305,0.0070281964,3,True
sota/pass-subset/bridge_ts,jobs/sota/pass-subset/bridge_ts.sh,cifar10knn_knn_test_accuracy,CIFAR-10-LT kNN,0.5882000128,0.0048833048,3,True
sota/pass-subset/bridge_ts,jobs/sota/pass-subset/bridge_ts.sh,cifar10r_test_accuracy,CIFAR-10-LT Lin.,0.6894999941,0.0060602538,3,True
sota/pass-subset/bridge_ts,jobs/sota/pass-subset/bridge_ts.sh,flowers_test_accuracy,Flowers Lin.,0.3463203410,0.0292007286,3,True
sota/pass-subset/bridge_ts,jobs/sota/pass-subset/bridge_ts.sh,flowersknn_knn_test_accuracy,Flowers kNN,0.2304065078,0.0033665442,3,True
sota/pass-subset/bridge_ts,jobs/sota/pass-subset/bridge_ts.sh,imagenet100lt_test_accuracy,ImageNet-100-LT Lin.,0.5243055423,0.0063418666,3,True
sota/pass-subset/bridge_ts,jobs/sota/pass-subset/bridge_ts.sh,imagenet100ltknn_knn_test_accuracy,ImageNet-100-LT kNN,0.3880208333,0.0078305688,3,True
sota/pass-subset/bridge_ts,jobs/sota/pass-subset/bridge_ts.sh,pets_test_accuracy,Pets Lin.,0.3161231975,0.0147731068,3,True
sota/pass-subset/bridge_ts,jobs/sota/pass-subset/bridge_ts.sh,petsknn_knn_test_accuracy,Pets kNN,0.1341507733,0.0043159352,3,True
sota/pass-subset/bridge_ts,jobs/sota/pass-subset/bridge_ts.sh,training_time,Training time (h),18.2375030518,1.4177897934,3,True
sota/pass-subset/sdclr,jobs/sota/pass-subset/sdclr.sh,aircraft_test_accuracy,Aircraft Lin.,0.0219956006,0.0075297621,3,True
sota/pass-subset/sdclr,jobs/sota/pass-subset/sdclr.sh,aircraftknn_knn_test_accuracy,Aircraft kNN,0.0201959610,0.0011043155,3,True
sota/pass-subset/sdclr,jobs/sota/pass-subset/sdclr.sh,cars_test_accuracy,Cars Lin.,0.0175653600,0.0028885084,3,True
sota/pass-subset/sdclr,jobs/sota/pass-subset/sdclr.sh,carsknn_knn_test_accuracy,Cars kNN,0.0126789367,0.0018964455,3,True
sota/pass-subset/sdclr,jobs/sota/pass-subset/sdclr.sh,cifar100knn_knn_test_accuracy,CIFAR-100-LT kNN,0.1147999987,0.0075113254,3,True
sota/pass-subset/sdclr,jobs/sota/pass-subset/sdclr.sh,cifar100r_test_accuracy,CIFAR-100-LT Lin.,0.1773000012,0.0077257154,3,True
sota/pass-subset/sdclr,jobs/sota/pass-subset/sdclr.sh,cifar10knn_knn_test_accuracy,CIFAR-10-LT kNN,0.3237333298,0.0147829473,3,True
sota/pass-subset/sdclr,jobs/sota/pass-subset/sdclr.sh,cifar10r_test_accuracy,CIFAR-10-LT Lin.,0.4223000010,0.0106623984,3,True
sota/pass-subset/sdclr,jobs/sota/pass-subset/sdclr.sh,flowers_test_accuracy,Flowers Lin.,0.1060606067,0.0133428862,3,True
sota/pass-subset/sdclr,jobs/sota/pass-subset/sdclr.sh,flowersknn_knn_test_accuracy,Flowers kNN,0.0857452576,0.0071400850,3,True
sota/pass-subset/sdclr,jobs/sota/pass-subset/sdclr.sh,imagenet100lt_test_accuracy,ImageNet-100-LT Lin.,0.2081163178,0.0039897517,3,True
sota/pass-subset/sdclr,jobs/sota/pass-subset/sdclr.sh,imagenet100ltknn_knn_test_accuracy,ImageNet-100-LT kNN,0.1111111095,0.0081719478,3,True
sota/pass-subset/sdclr,jobs/sota/pass-subset/sdclr.sh,pets_test_accuracy,Pets Lin.,0.0815217396,0.0155311843,3,True
sota/pass-subset/sdclr,jobs/sota/pass-subset/sdclr.sh,petsknn_knn_test_accuracy,Pets kNN,0.0516802905,0.0016698258,3,True
sota/pass-subset/sdclr,jobs/sota/pass-subset/sdclr.sh,training_time,Training time (h),8.6767024994,0.0363702443,3,True
sota/pass-subset/simclr,jobs/sota/pass-subset/simclr.sh,aircraft_test_accuracy,Aircraft Lin.,0.1754649083,0.0143616664,3,True
sota/pass-subset/simclr,jobs/sota/pass-subset/simclr.sh,aircraftknn_knn_test_accuracy,Aircraft kNN,0.1025794844,0.0049163340,3,True
sota/pass-subset/simclr,jobs/sota/pass-subset/simclr.sh,cars_test_accuracy,Cars Lin.,0.1098856206,0.0015284534,3,True
sota/pass-subset/simclr,jobs/sota/pass-subset/simclr.sh,carsknn_knn_test_accuracy,Cars kNN,0.0535787319,0.0030606606,3,True
sota/pass-subset/simclr,jobs/sota/pass-subset/simclr.sh,cifar100knn_knn_test_accuracy,CIFAR-100-LT kNN,0.3700333337,0.0025486358,3,True
sota/pass-subset/simclr,jobs/sota/pass-subset/simclr.sh,cifar100r_test_accuracy,CIFAR-100-LT Lin.,0.4546000063,0.0046540241,3,True
sota/pass-subset/simclr,jobs/sota/pass-subset/simclr.sh,cifar10knn_knn_test_accuracy,CIFAR-10-LT kNN,0.6717000008,0.0018384909,3,True
sota/pass-subset/simclr,jobs/sota/pass-subset/simclr.sh,cifar10r_test_accuracy,CIFAR-10-LT Lin.,0.7229333321,0.0018006188,3,True
sota/pass-subset/simclr,jobs/sota/pass-subset/simclr.sh,flowers_test_accuracy,Flowers Lin.,0.3333333333,0.0133428922,3,True
sota/pass-subset/simclr,jobs/sota/pass-subset/simclr.sh,flowersknn_knn_test_accuracy,Flowers kNN,0.3037398458,0.0004786858,3,True
sota/pass-subset/simclr,jobs/sota/pass-subset/simclr.sh,imagenet100lt_test_accuracy,ImageNet-100-LT Lin.,0.4468315939,0.0091506835,3,True
sota/pass-subset/simclr,jobs/sota/pass-subset/simclr.sh,imagenet100ltknn_knn_test_accuracy,ImageNet-100-LT kNN,0.3825954795,0.0030226582,3,True
sota/pass-subset/simclr,jobs/sota/pass-subset/simclr.sh,pets_test_accuracy,Pets Lin.,0.3333333333,0.0089669307,3,True
sota/pass-subset/simclr,jobs/sota/pass-subset/simclr.sh,petsknn_knn_test_accuracy,Pets kNN,0.1668483218,0.0049063134,3,True
sota/pass-subset/simclr,jobs/sota/pass-subset/simclr.sh,training_time,Training time (h),10.1883513133,0.0691107956,3,True
sota/pass-subset/ts,jobs/sota/pass-subset/ts.sh,aircraft_test_accuracy,Aircraft Lin.,0.1722655495,0.0016306262,3,True
sota/pass-subset/ts,jobs/sota/pass-subset/ts.sh,aircraftknn_knn_test_accuracy,Aircraft kNN,0.0785842811,0.0020045922,3,True
sota/pass-subset/ts,jobs/sota/pass-subset/ts.sh,cars_test_accuracy,Cars Lin.,0.1021241819,0.0116832931,3,True
sota/pass-subset/ts,jobs/sota/pass-subset/ts.sh,carsknn_knn_test_accuracy,Cars kNN,0.0443762789,0.0023136425,3,True
sota/pass-subset/ts,jobs/sota/pass-subset/ts.sh,cifar100knn_knn_test_accuracy,CIFAR-100-LT kNN,0.3456999958,0.0032751590,3,True
sota/pass-subset/ts,jobs/sota/pass-subset/ts.sh,cifar100r_test_accuracy,CIFAR-100-LT Lin.,0.4354333381,0.0035612046,3,True
sota/pass-subset/ts,jobs/sota/pass-subset/ts.sh,cifar10knn_knn_test_accuracy,CIFAR-10-LT kNN,0.6524666746,0.0074010729,3,True
sota/pass-subset/ts,jobs/sota/pass-subset/ts.sh,cifar10r_test_accuracy,CIFAR-10-LT Lin.,0.7148000002,0.0023151654,3,True
sota/pass-subset/ts,jobs/sota/pass-subset/ts.sh,flowers_test_accuracy,Flowers Lin.,0.3311688304,0.0212077110,3,True
sota/pass-subset/ts,jobs/sota/pass-subset/ts.sh,flowersknn_knn_test_accuracy,Flowers kNN,0.2452032566,0.0007391961,3,True
sota/pass-subset/ts,jobs/sota/pass-subset/ts.sh,imagenet100lt_test_accuracy,ImageNet-100-LT Lin.,0.4943576356,0.0042636542,3,True
sota/pass-subset/ts,jobs/sota/pass-subset/ts.sh,imagenet100ltknn_knn_test_accuracy,ImageNet-100-LT kNN,0.3932291667,0.0041517129,3,True
sota/pass-subset/ts,jobs/sota/pass-subset/ts.sh,pets_test_accuracy,Pets Lin.,0.3641304374,0.0176107134,3,True
sota/pass-subset/ts,jobs/sota/pass-subset/ts.sh,petsknn_knn_test_accuracy,Pets kNN,0.1441416889,0.0042270978,3,True
sota/pass-subset/ts,jobs/sota/pass-subset/ts.sh,training_time,Training time (h),10.8277645111,0.1033401274,3,True
sota/diffusiondb-subset/bridge,jobs/sota/diffusiondb-subset/bridge.sh,aircraft_test_accuracy,Aircraft Lin.,0.1996600678,0.0039816700,3,True
sota/diffusiondb-subset/bridge,jobs/sota/diffusiondb-subset/bridge.sh,aircraftknn_knn_test_accuracy,Aircraft kNN,0.0984803041,0.0012326374,3,True
sota/diffusiondb-subset/bridge,jobs/sota/diffusiondb-subset/bridge.sh,cars_test_accuracy,Cars Lin.,0.1278594757,0.0102694506,3,True
sota/diffusiondb-subset/bridge,jobs/sota/diffusiondb-subset/bridge.sh,carsknn_knn_test_accuracy,Cars kNN,0.0535787319,0.0025212323,3,True
sota/diffusiondb-subset/bridge,jobs/sota/diffusiondb-subset/bridge.sh,cifar100knn_knn_test_accuracy,CIFAR-100-LT kNN,0.3739666641,0.0040036095,3,True
sota/diffusiondb-subset/bridge,jobs/sota/diffusiondb-subset/bridge.sh,cifar100r_test_accuracy,CIFAR-100-LT Lin.,0.4992999931,0.0050338824,3,True
sota/diffusiondb-subset/bridge,jobs/sota/diffusiondb-subset/bridge.sh,cifar10knn_knn_test_accuracy,CIFAR-10-LT kNN,0.6827999949,0.0017107636,3,True
sota/diffusiondb-subset/bridge,jobs/sota/diffusiondb-subset/bridge.sh,cifar10r_test_accuracy,CIFAR-10-LT Lin.,0.7588333289,0.0042129430,3,True
sota/diffusiondb-subset/bridge,jobs/sota/diffusiondb-subset/bridge.sh,flowers_test_accuracy,Flowers Lin.,0.3571428657,0.0106038555,3,True
sota/diffusiondb-subset/bridge,jobs/sota/diffusiondb-subset/bridge.sh,flowersknn_knn_test_accuracy,Flowers kNN,0.3035230438,0.0022854362,3,True
sota/diffusiondb-subset/bridge,jobs/sota/diffusiondb-subset/bridge.sh,imagenet100lt_test_accuracy,ImageNet-100-LT Lin.,0.4906683962,0.0045209734,3,True
sota/diffusiondb-subset/bridge,jobs/sota/diffusiondb-subset/bridge.sh,imagenet100ltknn_knn_test_accuracy,ImageNet-100-LT kNN,0.3940972288,0.0102572023,3,True
sota/diffusiondb-subset/bridge,jobs/sota/diffusiondb-subset/bridge.sh,pets_test_accuracy,Pets Lin.,0.3768115938,0.0084000244,3,True
sota/diffusiondb-subset/bridge,jobs/sota/diffusiondb-subset/bridge.sh,petsknn_knn_test_accuracy,Pets kNN,0.1859218925,0.0022505898,3,True
sota/diffusiondb-subset/bridge,jobs/sota/diffusiondb-subset/bridge.sh,training_time,Training time (h),16.4469019572,0.3207658702,3,True
sota/diffusiondb-subset/bridge_sdclr,jobs/sota/diffusiondb-subset/bridge_sdclr.sh,aircraft_test_accuracy,Aircraft Lin.,0.0250949816,0.0001413930,3,True
sota/diffusiondb-subset/bridge_sdclr,jobs/sota/diffusiondb-subset/bridge_sdclr.sh,aircraftknn_knn_test_accuracy,Aircraft kNN,0.0216956610,0.0009271760,3,True
sota/diffusiondb-subset/bridge_sdclr,jobs/sota/diffusiondb-subset/bridge_sdclr.sh,cars_test_accuracy,Cars Lin.,0.0130718957,0.0041658659,3,True
sota/diffusiondb-subset/bridge_sdclr,jobs/sota/diffusiondb-subset/bridge_sdclr.sh,carsknn_knn_test_accuracy,Cars kNN,0.0102249489,0.0010427442,3,True
sota/diffusiondb-subset/bridge_sdclr,jobs/sota/diffusiondb-subset/bridge_sdclr.sh,cifar100knn_knn_test_accuracy,CIFAR-100-LT kNN,0.1112333313,0.0032427706,3,True
sota/diffusiondb-subset/bridge_sdclr,jobs/sota/diffusiondb-subset/bridge_sdclr.sh,cifar100r_test_accuracy,CIFAR-100-LT Lin.,0.1846000055,0.0033941138,3,True
sota/diffusiondb-subset/bridge_sdclr,jobs/sota/diffusiondb-subset/bridge_sdclr.sh,cifar10knn_knn_test_accuracy,CIFAR-10-LT kNN,0.3522000015,0.0072585540,3,True
sota/diffusiondb-subset/bridge_sdclr,jobs/sota/diffusiondb-subset/bridge_sdclr.sh,cifar10r_test_accuracy,CIFAR-10-LT Lin.,0.4378666679,0.0090030814,3,True
sota/diffusiondb-subset/bridge_sdclr,jobs/sota/diffusiondb-subset/bridge_sdclr.sh,flowers_test_accuracy,Flowers Lin.,0.1428571443,0.0159057772,3,True
sota/diffusiondb-subset/bridge_sdclr,jobs/sota/diffusiondb-subset/bridge_sdclr.sh,flowersknn_knn_test_accuracy,Flowers kNN,0.0805962086,0.0097056812,3,True
sota/diffusiondb-subset/bridge_sdclr,jobs/sota/diffusiondb-subset/bridge_sdclr.sh,imagenet100lt_test_accuracy,ImageNet-100-LT Lin.,0.2191840261,0.0057334442,3,True
sota/diffusiondb-subset/bridge_sdclr,jobs/sota/diffusiondb-subset/bridge_sdclr.sh,imagenet100ltknn_knn_test_accuracy,ImageNet-100-LT kNN,0.1134982655,0.0066888163,3,True
sota/diffusiondb-subset/bridge_sdclr,jobs/sota/diffusiondb-subset/bridge_sdclr.sh,pets_test_accuracy,Pets Lin.,0.1141304349,0.0058702370,3,True
sota/diffusiondb-subset/bridge_sdclr,jobs/sota/diffusiondb-subset/bridge_sdclr.sh,petsknn_knn_test_accuracy,Pets kNN,0.0504087197,0.0030585758,3,True
sota/diffusiondb-subset/bridge_sdclr,jobs/sota/diffusiondb-subset/bridge_sdclr.sh,training_time,Training time (h),15.4834928513,0.1947820256,3,True
sota/diffusiondb-subset/bridge_ts,jobs/sota/diffusiondb-subset/bridge_ts.sh,aircraft_test_accuracy,Aircraft Lin.,0.1238752231,0.0043049470,3,True
sota/diffusiondb-subset/bridge_ts,jobs/sota/diffusiondb-subset/bridge_ts.sh,aircraftknn_knn_test_accuracy,Aircraft kNN,0.0650869831,0.0009795996,3,True
sota/diffusiondb-subset/bridge_ts,jobs/sota/diffusiondb-subset/bridge_ts.sh,cars_test_accuracy,Cars Lin.,0.0939542477,0.0118534464,3,True
sota/diffusiondb-subset/bridge_ts,jobs/sota/diffusiondb-subset/bridge_ts.sh,carsknn_knn_test_accuracy,Cars kNN,0.0298568501,0.0044896719,3,True
sota/diffusiondb-subset/bridge_ts,jobs/sota/diffusiondb-subset/bridge_ts.sh,cifar100knn_knn_test_accuracy,CIFAR-100-LT kNN,0.2664333284,0.0032663210,3,True
sota/diffusiondb-subset/bridge_ts,jobs/sota/diffusiondb-subset/bridge_ts.sh,cifar100r_test_accuracy,CIFAR-100-LT Lin.,0.3913000027,0.0046882916,3,True
sota/diffusiondb-subset/bridge_ts,jobs/sota/diffusiondb-subset/bridge_ts.sh,cifar10knn_knn_test_accuracy,CIFAR-10-LT kNN,0.5747666756,0.0077012279,3,True
sota/diffusiondb-subset/bridge_ts,jobs/sota/diffusiondb-subset/bridge_ts.sh,cifar10r_test_accuracy,CIFAR-10-LT Lin.,0.6784999967,0.0059849974,3,True
sota/diffusiondb-subset/bridge_ts,jobs/sota/diffusiondb-subset/bridge_ts.sh,flowers_test_accuracy,Flowers Lin.,0.3030303021,0.0301480274,3,True
sota/diffusiondb-subset/bridge_ts,jobs/sota/diffusiondb-subset/bridge_ts.sh,flowersknn_knn_test_accuracy,Flowers kNN,0.2166395634,0.0080869672,3,True
sota/diffusiondb-subset/bridge_ts,jobs/sota/diffusiondb-subset/bridge_ts.sh,imagenet100lt_test_accuracy,ImageNet-100-LT Lin.,0.5084635218,0.0060375120,3,True
sota/diffusiondb-subset/bridge_ts,jobs/sota/diffusiondb-subset/bridge_ts.sh,imagenet100ltknn_knn_test_accuracy,ImageNet-100-LT kNN,0.3697916667,0.0040132904,3,True
sota/diffusiondb-subset/bridge_ts,jobs/sota/diffusiondb-subset/bridge_ts.sh,pets_test_accuracy,Pets Lin.,0.3369565209,0.0189569187,3,True
sota/diffusiondb-subset/bridge_ts,jobs/sota/diffusiondb-subset/bridge_ts.sh,petsknn_knn_test_accuracy,Pets kNN,0.1554041753,0.0042756038,3,True
sota/diffusiondb-subset/bridge_ts,jobs/sota/diffusiondb-subset/bridge_ts.sh,training_time,Training time (h),17.2199064891,0.0583572756,3,True
sota/diffusiondb-subset/sdclr,jobs/sota/diffusiondb-subset/sdclr.sh,aircraft_test_accuracy,Aircraft Lin.,0.0239952014,0.0012725380,3,True
sota/diffusiondb-subset/sdclr,jobs/sota/diffusiondb-subset/sdclr.sh,aircraftknn_knn_test_accuracy,Aircraft kNN,0.0215956805,0.0019591999,3,True
sota/diffusiondb-subset/sdclr,jobs/sota/diffusiondb-subset/sdclr.sh,cars_test_accuracy,Cars Lin.,0.0114379087,0.0015284547,3,True
sota/diffusiondb-subset/sdclr,jobs/sota/diffusiondb-subset/sdclr.sh,carsknn_knn_test_accuracy,Cars kNN,0.0128834353,0.0008676157,3,True
sota/diffusiondb-subset/sdclr,jobs/sota/diffusiondb-subset/sdclr.sh,cifar100knn_knn_test_accuracy,CIFAR-100-LT kNN,0.0995999997,0.0033176293,3,True
sota/diffusiondb-subset/sdclr,jobs/sota/diffusiondb-subset/sdclr.sh,cifar100r_test_accuracy,CIFAR-100-LT Lin.,0.1843666683,0.0017326962,3,True
sota/diffusiondb-subset/sdclr,jobs/sota/diffusiondb-subset/sdclr.sh,cifar10knn_knn_test_accuracy,CIFAR-10-LT kNN,0.3261999985,0.0116106268,3,True
sota/diffusiondb-subset/sdclr,jobs/sota/diffusiondb-subset/sdclr.sh,cifar10r_test_accuracy,CIFAR-10-LT Lin.,0.4238333305,0.0017518191,3,True
sota/diffusiondb-subset/sdclr,jobs/sota/diffusiondb-subset/sdclr.sh,flowers_test_accuracy,Flowers Lin.,0.1298701266,0.0367328189,3,True
sota/diffusiondb-subset/sdclr,jobs/sota/diffusiondb-subset/sdclr.sh,flowersknn_knn_test_accuracy,Flowers kNN,0.0614634144,0.0071778388,3,True
sota/diffusiondb-subset/sdclr,jobs/sota/diffusiondb-subset/sdclr.sh,imagenet100lt_test_accuracy,ImageNet-100-LT Lin.,0.2100694478,0.0063418550,3,True
sota/diffusiondb-subset/sdclr,jobs/sota/diffusiondb-subset/sdclr.sh,imagenet100ltknn_knn_test_accuracy,ImageNet-100-LT kNN,0.1056857655,0.0050242351,3,True
sota/diffusiondb-subset/sdclr,jobs/sota/diffusiondb-subset/sdclr.sh,pets_test_accuracy,Pets Lin.,0.0824275364,0.0142645071,3,True
sota/diffusiondb-subset/sdclr,jobs/sota/diffusiondb-subset/sdclr.sh,petsknn_knn_test_accuracy,Pets kNN,0.0483197098,0.0039569512,3,True
sota/diffusiondb-subset/sdclr,jobs/sota/diffusiondb-subset/sdclr.sh,training_time,Training time (h),11.1184577942,0.1641769020,3,True
sota/diffusiondb-subset/simclr,jobs/sota/diffusiondb-subset/simclr.sh,aircraft_test_accuracy,Aircraft Lin.,0.1755648901,0.0084493473,3,True
sota/diffusiondb-subset/simclr,jobs/sota/diffusiondb-subset/simclr.sh,aircraftknn_knn_test_accuracy,Aircraft kNN,0.0875824839,0.0014896691,3,True
sota/diffusiondb-subset/simclr,jobs/sota/diffusiondb-subset/simclr.sh,cars_test_accuracy,Cars Lin.,0.1090686272,0.0065614273,3,True
sota/diffusiondb-subset/simclr,jobs/sota/diffusiondb-subset/simclr.sh,carsknn_knn_test_accuracy,Cars kNN,0.0431492850,0.0022587651,3,True
sota/diffusiondb-subset/simclr,jobs/sota/diffusiondb-subset/simclr.sh,cifar100knn_knn_test_accuracy,CIFAR-100-LT kNN,0.3622333308,0.0040614739,3,True
sota/diffusiondb-subset/simclr,jobs/sota/diffusiondb-subset/simclr.sh,cifar100r_test_accuracy,CIFAR-100-LT Lin.,0.4857000013,0.0024385834,3,True
sota/diffusiondb-subset/simclr,jobs/sota/diffusiondb-subset/simclr.sh,cifar10knn_knn_test_accuracy,CIFAR-10-LT kNN,0.6725999912,0.0007257372,3,True
sota/diffusiondb-subset/simclr,jobs/sota/diffusiondb-subset/simclr.sh,cifar10r_test_accuracy,CIFAR-10-LT Lin.,0.7441999912,0.0052940393,3,True
sota/diffusiondb-subset/simclr,jobs/sota/diffusiondb-subset/simclr.sh,flowers_test_accuracy,Flowers Lin.,0.3116883139,0.0242964746,3,True
sota/diffusiondb-subset/simclr,jobs/sota/diffusiondb-subset/simclr.sh,flowersknn_knn_test_accuracy,Flowers kNN,0.2684010863,0.0038986835,3,True
sota/diffusiondb-subset/simclr,jobs/sota/diffusiondb-subset/simclr.sh,imagenet100lt_test_accuracy,ImageNet-100-LT Lin.,0.4529079894,0.0052173724,3,True
sota/diffusiondb-subset/simclr,jobs/sota/diffusiondb-subset/simclr.sh,imagenet100ltknn_knn_test_accuracy,ImageNet-100-LT kNN,0.3674045205,0.0077459106,3,True
sota/diffusiondb-subset/simclr,jobs/sota/diffusiondb-subset/simclr.sh,pets_test_accuracy,Pets Lin.,0.3605072498,0.0126162993,3,True
sota/diffusiondb-subset/simclr,jobs/sota/diffusiondb-subset/simclr.sh,petsknn_knn_test_accuracy,Pets kNN,0.1734786580,0.0012253195,3,True
sota/diffusiondb-subset/simclr,jobs/sota/diffusiondb-subset/simclr.sh,training_time,Training time (h),11.6159480413,0.1613198948,3,True
sota/diffusiondb-subset/ts,jobs/sota/diffusiondb-subset/ts.sh,aircraft_test_accuracy,Aircraft Lin.,0.1544691076,0.0056486506,3,True
sota/diffusiondb-subset/ts,jobs/sota/diffusiondb-subset/ts.sh,aircraftknn_knn_test_accuracy,Aircraft kNN,0.0730853826,0.0025489991,3,True
sota/diffusiondb-subset/ts,jobs/sota/diffusiondb-subset/ts.sh,cars_test_accuracy,Cars Lin.,0.1074346403,0.0060313818,3,True
sota/diffusiondb-subset/ts,jobs/sota/diffusiondb-subset/ts.sh,carsknn_knn_test_accuracy,Cars kNN,0.0310838446,0.0052137207,3,True
sota/diffusiondb-subset/ts,jobs/sota/diffusiondb-subset/ts.sh,cifar100knn_knn_test_accuracy,CIFAR-100-LT kNN,0.3361333410,0.0034032629,3,True
sota/diffusiondb-subset/ts,jobs/sota/diffusiondb-subset/ts.sh,cifar100r_test_accuracy,CIFAR-100-LT Lin.,0.4443666637,0.0034120748,3,True
sota/diffusiondb-subset/ts,jobs/sota/diffusiondb-subset/ts.sh,cifar10knn_knn_test_accuracy,CIFAR-10-LT kNN,0.6471666892,0.0036554394,3,True
sota/diffusiondb-subset/ts,jobs/sota/diffusiondb-subset/ts.sh,cifar10r_test_accuracy,CIFAR-10-LT Lin.,0.7232333223,0.0028859803,3,True
sota/diffusiondb-subset/ts,jobs/sota/diffusiondb-subset/ts.sh,flowers_test_accuracy,Flowers Lin.,0.3311688304,0.0106038555,3,True
sota/diffusiondb-subset/ts,jobs/sota/diffusiondb-subset/ts.sh,flowersknn_knn_test_accuracy,Flowers kNN,0.2321409235,0.0043434854,3,True
sota/diffusiondb-subset/ts,jobs/sota/diffusiondb-subset/ts.sh,imagenet100lt_test_accuracy,ImageNet-100-LT Lin.,0.4882812401,0.0024359749,3,True
sota/diffusiondb-subset/ts,jobs/sota/diffusiondb-subset/ts.sh,imagenet100ltknn_knn_test_accuracy,ImageNet-100-LT kNN,0.3780381978,0.0055327838,3,True
sota/diffusiondb-subset/ts,jobs/sota/diffusiondb-subset/ts.sh,pets_test_accuracy,Pets Lin.,0.3985507190,0.0273844554,3,True
sota/diffusiondb-subset/ts,jobs/sota/diffusiondb-subset/ts.sh,petsknn_knn_test_accuracy,Pets kNN,0.1701180736,0.0002568921,3,True
sota/diffusiondb-subset/ts,jobs/sota/diffusiondb-subset/ts.sh,training_time,Training time (h),12.1641782125,0.1435526257,3,True
